<?xml version="1.0" encoding="UTF-8"?>

<TEI xmlns="http://www.tei-c.org/ns/1.0">
    <teiHeader>
        <fileDesc>
            <titleStmt>
                <title>4 epigrammer ved Frederik 2.s død</title>
                <author>Tycho Brahe</author>
                <editor>
                    <name xml:id="pz">
                        <persName>
                            <forename type="first">Peter</forename>
                            <surname>Zeeberg</surname>
                        </persName>
                    </name>
                </editor>
                <funder>Carlsbergfondet</funder>
            </titleStmt>
            <editionStmt>
                <edition/>
            </editionStmt>
            <publicationStmt>
                <publisher>
                    <ref target="https://dsl.dk">Det Danske Sprog- og Litteraturselskab</ref>
                </publisher>
                <pubPlace>København</pubPlace>
                <date>2019</date>
                <idno>nil</idno>
                <idno type="isbn">nil</idno>
                <availability status="restricted">
                    <ab>Copyright © 2019, Danske Sprog- og Litteraturselskab</ab>
                </availability>
            </publicationStmt>
            <sourceDesc>
                <listWit>
                    <witness xml:id="A">
                        <msDesc>
                            <msIdentifier>
                            <settlement>København</settlement>
                            <repository>Det Kongelige Bibliotek</repository>
                            <collection>Langebeks excerpter </collection>
                            <idno>179</idno>
                            </msIdentifier></msDesc>
                        </witness>
                            <!--<physDesc>
                                <objectDesc>
                                    <supportDesc material="paper">
                                        <support>
                                            <ab/>
                                        </support>
                                        <extent>
                                            <dimensions unit="cm">
                                                <height>0</height>
                                                <width>0</width>
                                            </dimensions>
                                        </extent>
                                        <condition>
                                            <ab/>
                                        </condition>
                                    </supportDesc>
                                    <layoutDesc>
                                        <ab/>
                                    </layoutDesc>
                                </objectDesc>
                                <handDesc> <handNote> <ab>empty</ab> </handNote> </handDesc> <additions> <ab>empty</ab> </additions> <sealDesc> <seal> <ab>empty</ab> </seal> </sealDesc><history>
                                <ab></ab>
                            </history>-->
                    <witness xml:id="TBOO">
                        <bibl><title>Tychonis Brahe Dani Opera Omnia</title>, ed. I.L.E. Dreyer, Tom. IX, Hauniæ 1927, p. 192</bibl></witness>
                </listWit>
                <listBibl>
                    <bibl>empty</bibl>
                </listBibl>
            </sourceDesc>
        </fileDesc>
        <profileDesc>
            <creation><date>1588</date></creation>
            <langUsage>
                <language ident="la" />
            </langUsage>
            <textClass>
                <keywords>
                    <term>poesi</term>
                </keywords>
            </textClass>
            <abstract>
                <ab>nil</ab>
            </abstract>
        </profileDesc>
        <revisionDesc>
            <change when="2019-02-01" who="#pz">Filen etableret</change>
        </revisionDesc>
    </teiHeader>
    <text>
        <body>
            <div>
                <lg>
                <l>FrIDrICVs qVarto fatIs ConCessit aprILIs,</l> 
                <l rend="indent">Ergo sqVaLet LVCtV heV DanIa tota graVI.</l>
            </lg>
                <lg>
                    <l>LætItIa frVItVr CeLestI reX FrIDerICVs,</l> 
                    <l rend="indent">Interea LVCtV DanIa tota sqVaLet.</l>
                </lg>
                <lg>
                    <l>Fridricum octavus (dolor!) octogesimus annus</l> 
                    <l rend="indent">Abstulit, et mœrens Dania tota gemit.</l>
                </lg>
                <lg>
                    <l>Fridricum octavus tulit octogesimus annus</l> 
                    <l rend="indent">Christi, quem merito Dania tota luget.</l>
                </lg>
                </div>
        </body>
    </text>
</TEI>
