<?xml version="1.0" encoding="UTF-8"?>

<TEI xmlns="http://www.tei-c.org/ns/1.0">
    <teiHeader>
        <fileDesc>
            <titleStmt>
                <title>Ad Daniam epigramma</title>
                <author>Tycho Brahe</author>
                <editor>
                    <name xml:id="pz">
                        <persName>
                            <forename type="first">Peter</forename>
                            <surname>Zeeberg</surname>
                        </persName>
                    </name>
                </editor>
                <funder>Carlsbergfondet</funder>
            </titleStmt>
            <editionStmt>
                <edition/>
            </editionStmt>
            <publicationStmt>
                <publisher>
                    <ref target="https://dsl.dk">Det Danske Sprog- og Litteraturselskab</ref>
                </publisher>
                <pubPlace>København</pubPlace>
                <date>2019</date>
                <idno>nil</idno>
                <idno type="isbn">nil</idno>
                <availability status="restricted">
                    <ab>Copyright © 2019, Danske Sprog- og Litteraturselskab</ab>
                </availability>
            </publicationStmt>
            <sourceDesc>
                <listWit>
                        <witness xml:id="A">
                    <msDesc>
                        <msIdentifier>
                            <settlement>Wien</settlement>
                            <repository>Österreichische Staatsbibliothek</repository>
                            <collection>empty</collection>
                            <idno>cod. Vindob. lat. 10686.6</idno>
                        </msIdentifier></msDesc>
                    </witness>
                    <witness xml:id="B">
                        <msDesc>
                            <msIdentifier>
                        <settlement>Wien</settlement>
                        <repository>Österreichische Staatsbibliothek</repository>
                        <collection>empty</collection>
                        <idno>cod. Vindob. lat. 10707, p. 158r</idno>
                            </msIdentifier></msDesc>
                    </witness>
                    <witness xml:id="TBOO">
                        <bibl><title>Tychonis Brahe Dani Opera Omnia</title>, ed. I.L.E. Dreyer, Tom. IX, Hauniæ 1927, p. 214</bibl></witness>
                </listWit>
                <listBibl>
                    <bibl>empty</bibl>
                </listBibl>
            </sourceDesc>
        </fileDesc>
        <profileDesc>
            <creation><date>1599</date></creation>
                <langUsage>
                    <language ident="la" />
                </langUsage>
                <textClass>
                <keywords>
                    <term>poesi</term>
                </keywords>
            </textClass>
            <abstract>
                <ab>nil</ab>
            </abstract>
        </profileDesc>
        <revisionDesc>
            <change when="2019-02-02" who="#pz">Filen etableret</change>
        </revisionDesc>
    </teiHeader>
    <text>
        <front/>
        <body>
            <head>AD DANIAM EPIGRAMMA.</head>
            <lg>
                <l>SUBTRAXTI reditus, laudes et temporis usum,</l> 
                <l rend="indent">Pluraque tentabas, Patria, damna mihi:</l>
                <l>Ast ego, dante DEO, superans incommoda quæque,</l>
                <l rend="indent">Conscius et recti, nil tamen ista moror. </l>
                <l n="5">Ingenio genioque meo comitorque fruorque:</l>
                <l rend="indent">Dania, in haec poteras juris habere nihil.</l> 
                <l>Restituit reditus, laudes et temporis usum,</l>
                <l rend="indent">Pluraque praestabit Caesaris ampla manus. </l>
                <l>Ergo ingrata vale, mea Patria, Patria jam sit,</l>
                <l rend="indent" n="10">Quam mihi clementer, magne RUDOLPHE, dabis, </l>
                <l>Donec in abstrusis sine fine et limite cœlis</l>
                <l rend="indent">Ad Patriam æternam, te duce, CHRISTE, ferar.</l>
            </lg>
            <closer>T. B. feci, cum primum Bennachiam sive Venetias Bohemorum venissem mense Augusto
            anni 1599.</closer>
        </body>
    </text>
</TEI>
