<?xml version="1.0" encoding="UTF-8"?>

<TEI xmlns="http://www.tei-c.org/ns/1.0">
    <teiHeader>
        <fileDesc>
            <titleStmt>
                <title>nil</title>
                <author>Tycho Brahe</author>
                <editor>
                    <name xml:id="pz">
                        <persName>
                            <forename type="first">Peter</forename>
                            <surname>Zeeberg</surname>
                        </persName>
                    </name>
                </editor>
                <funder>Carlsbergfondet</funder>
            </titleStmt>
            <editionStmt>
                <edition/>
            </editionStmt>
            <publicationStmt>
                <publisher>
                    <ref target="https://dsl.dk">Det Danske Sprog- og Litteraturselskab</ref>
                </publisher>
                <pubPlace>København</pubPlace>
                <date>2019</date>
                <idno>nil</idno>
                <idno type="isbn">nil</idno>
                <availability status="restricted">
                    <ab>Copyright © 2019, Danske Sprog- og Litteraturselskab</ab>
                </availability>
            </publicationStmt>
            <sourceDesc>
                <listWit>
                    <!-- <witness xml:id="A">
                        <msDesc>
                            <msIdentifier>
                                <settlement>København</settlement>
                                <repository>Det Kongelige Bibliothek</repository>
                                <collection>GKS</collection>
                                <idno>316 fol.</idno>
                                <msName>empty</msName>
                            </msIdentifier>
                        </msDesc></witness> -->
                    <witness xml:id="TBOO">
                        <bibl><title>Tychonis Brahe Dani Opera Omnia</title>, ed. I.L.E. Dreyer,
                            Tom. XIII, Hauniæ 1926, p. 101-104</bibl>
                    </witness>
                    <!--<physDesc>
                                <objectDesc>
                                    <supportDesc material="paper">
                                        <support>
                                            <ab/>
                                        </support>
                                        <extent>
                                            <dimensions unit="cm">
                                                <height>0</height>
                                                <width>0</width>
                                            </dimensions>
                                        </extent>
                                        <condition>
                                            <ab/>
                                        </condition>
                                    </supportDesc>
                                    <layoutDesc>
                                        <ab/>
                                    </layoutDesc>
                                </objectDesc>
                                <handDesc> <handNote> <ab>empty</ab> </handNote> </handDesc> <additions> <ab>empty</ab> </additions> <sealDesc> <seal> <ab>empty</ab> </seal> </sealDesc><history>
                                <ab></ab>
                            </history>-->
                </listWit>
                <listBibl>
                    <bibl>empty</bibl>
                </listBibl>
            </sourceDesc>
        </fileDesc>
        <profileDesc>
            <creation><date>nil</date></creation>
            <langUsage>
                <language ident="la"/>
            </langUsage>
            <textClass>
                <keywords>
                    <term>astronomi</term>
                </keywords>
            </textClass>
            <abstract>
                <ab>nil</ab>
            </abstract>
        </profileDesc>
        <revisionDesc>
            <change when="2019-03-08" who="#pz">Filen etableret</change>
        </revisionDesc>
    </teiHeader>
    <text>
        <front/>
        <body>
            <div>
                <pb ed="TBOO" n="XIII.101"/>
                <head>Om årsagen til afbrydelsen i observationerne og til min bortrejse.</head>
                <p>Herefter udførte jeg ikke flere observationer på øen Hven, men
                    straks efter påske, d. 29. april, rejste jeg derfra med hele min husstand, og i
                    den følgende tid sørgede jeg for at de astronomiske instrumenter (med få
                    undtagelser) sammen med alt udstyr til bogproduktion og trykkeriet blev flyttet
                    til mit hus i København. Hvad jeg efterlod, var følgende fire: Den store armille
                    med den faste, messingbeklædte ækvator og den store stålkvadrant der på den side
                    hvor inddelingerne er, er beklædt med en messingplade, og som er indesluttet i
                    et stålkvadrat. Disse to befinder sig i observatoriet Stjerneborg uden for
                    slottet. På selve slottet, i det sydlige tårn, findes den store halvcirkel der
                    står på en azimutalhorisont af stål med søjler og skruer nedenunden. I det
                    sydvestlige værelse på den ydervæg der peger direkte mod syd, sidder en kvadrant
                    støbt af massivt messing, som er opsat direkte på muren og indvendig indeholder
                    et portræt af mig selv og nogle arkitektoniske billeder sammen med dem der
                    repræsenterer observationer og kemi. Disse fire har jeg efterladt dels fordi de
                    på grund af deres størrelse (de har en diameter på 10, 12 og helt op til 14 fod)
                    dårligt kunne sejles væk på en båd, dels af forskellige andre årsager som vil
                    komme for dagen når tiden er inde til det.</p>
                <p rend="indent">Nogle af dem jeg tog med til København, ville jeg anbringe i et
                    tårn ved siden af mit hus så jeg kunne føje nogle observationer derfra til dem
                    jeg havde foretaget tidligere på året, men da rigshofmesteren på vegne af kongen
                    (som dog var bortrejst og opholdt sig i Tyskland) gennem byens lensmand forbød
                    mig denne mulighed, satte jeg dem sammen med de øvrige, og kort efter pakkede
                    jeg trykkeriet, hele udstyret til bogproduktion og andre af mine ting ned i
                    kasser og kister, gemte det jeg havde udfærdiget til forbedring af forskelligt i
                    mine værker, og rejste kort efter sommersolhverv til Tyskland med hele min
                    husstand &#x2013; hvorved jeg forlod mit utaknemmelige fædreland, som dog ikke
                    selv var skyldigt; det var kun en enkelt eller to personer der i landet som
                    tiltager sig ret til at styre landets fremtid på egen hånd. Baggrunden for denne
                    uventede udvikling var først og fremmest følgende: Straks efter kongens kroning
                    var Nordfjord len, som var den vigtigste understøttelse for den astronomiske
                    forskning, blevet taget fra mig, og uanset hvad jeg foretog mig over for
                    rigshofmesteren, kunne jeg ikke få det tilbage. Jeg skrev derfor i begyndelsen
                    af i år til kansleren og sendte ham en kopi af et brev fra rigsrådet der lovede
                    mig noget andet, ligesom jeg diskret mindede ham om hans pligt til af hensyn til
                    rigets ære at holde astronomien ved lige og advarede ham om hvordan det ellers
                    ville gå. Men han skrev omgående tilbage at jeg ikke kunne få lenet tilbage, og
                    at det ikke var muligt for kongen at ofre noget på vedligeholdese af
                    astronomiske instrumenter. Tværimod blev herefter den faste årlige bevilling jeg
                    var blevet tildelt af kong Frederik, salig ihukommelse, også frataget mig. Jeg
                    vil ikke her nævne det der foregik med de uanstændige bønder på øen og præsten
                    på grund af deres modvilje mod mig. </p>
                <p rend="indent">Da al støtte til genopretningen af astronomien således var blevet
                    inddraget og jeg kunne se at jeg og min forskning, som jeg ikke mener jeg kan
                    tillade mig at svigte, var så ildeset og foragtet, bvar det ikke andet tilbage
                    for mig end at rejse derfra og sørge bedre for mig selv og min forskning så de
                    mange års arbejde og udgifter ikke skulle gå til spilde. Men jeg var dårligt
                    kommet ud af landet før kansleren inddrog miit præbende i Roskilde og omlagde
                    det til privat brug for at afskære mig fra enhver anledning til at vende hjem
                    &#x2013; hvis det var nogen tilbage. Og det var den vej det gik.</p>
                <p rend="indent">Derefter blev jeg i tremåneder i Rostock med min familie &#x2013;
                    ikke uden en vis risiko pga. en pestepidemi der konstant hærgede der på stedet
                    &#x2013; for at give mine landsmænd tid til at tænke sagen ordentligt igennem,
                    for jeg holdt stadig af mit fædreland. Men til sidst fik jeg en venlig
                    invitation fra den velbyrdige hr. Henrik Rantzau til, og for at undgå smitte
                    begav jeg mig til Holsten og slog mig ned i hans slot Wandsburg, kun ligger en
                    halv mil fra Hamborg, som han var så venlig at stille til rådighed. Der
                    besluttede jeg mig for at bruge vinteren på at fortsætte mine astronomiske
                    observationer (hvis himlens skaber ville det) og færdiggøre forskelligt i mine
                    værker. </p>
                <p rend="indent">Dette har jeg sat mig for at notere for at fastholde det i
                    erindringen. En anden gang, når tid og sted er til det, vil jeg berette
                    udførligere om det.</p>
                <pb ed="TBOO" n="XIII.102"/>

                <p rend="indent"/>
            </div>
            <div type="poem">
                <head>Elegi til Danmark</head>
                <lg>
                    <l>Danmark, hvad har jeg dog gjort? Hvordan jeg har fornærmet dig, mit
                        fædreland,</l>
                    <l>så meget at du ikke er mig venligt stemt?</l>
                    <l>Den skade jeg skal klandres for at have forvoldt dig, er velsagtens</l>
                    <l>at du på grund af mig nu har et større navn i denne verden!</l>
                    <l n="5">Fortæl mig lige: hvem har før gjort dig så mange og så store tjenester </l>
                    <l>og gjort så meget for at hæve din berømmelse til himlen?</l>
                    <l>Hvem gør det fremover? Hvem skal få rede på de skatte jeg har efterladt,</l>
                    <l>og bruge dem til det de er beregnet til?</l>
                    <l>En mand bliver sendt til Hven, fulgt af en enkelt ledsager, </l>
                    <l n="10">en mand de tror har god forstand på Uranias hemmeligheder.</l>
                    <l>Han kom derover, og ved synet af gudindens pragtgenstande</l>
                    <l>(som der jo ellers kun er få tilbage af) fortæller de at han blev slået af
                        forundring.</l>
                    <l>Hvad skal han gøre når han intet ved om sagen? Hvordan forklare den slags
                        ting</l>
                    <l>han aldrig før har set og intet kender til?</l>
                    <l n="15">Han står dér helt fortabt, han spørger om instrumenternes navne,</l>
                    <l>og spørger (hvor pinligt!) hvordan de betjenes!</l>
                    <l>Men for at ingen skal sige at han i sin uvidenhed er kommet helt forgæves</l>
                    <l>rakker han fuld af misundelse ned på alt hvad han ikke begriber.</l>
                    <l>&#x2013; Naturligt nok: det var tilfældigvis min modstander der havde sendt
                        ham,</l>
                    <l n="20">den mand der længe i det skjulte har gjort alt for at skade mig.</l>
                    <l>Det skal jeg finde mig i fra dig, det land hvor jeg er født,</l>
                    <l>det er den tak jeg får for alt hvad jeg har udrettet,</l>
                    <l>at du fordømmer det du ikke kan forstå, og overdænger det med spydigheder</l>
                    <l>af alle slags, og gør min storhed mindre!</l>
                    <l n="25">Jeg har med min indsats søgt at øge din berømmelse ud over verden,</l>
                    <l>men det besvarer du med ufortjent at trække mig i sølet</l>
                    <l>Det tager jeg mig nu ikke særligt af, jeg måtte finde mig i meget værre,</l>
                    <l>for der var stort set ingen interesse for mig hjemme.</l>
                    <l>Jeg var usynlig i mit fædreland &#x2013; jeg der var velkendt over hele
                        verden</l>
                    <l n="30">(hvor ellers mange er usynlige).</l>
                    <l>Andre har fået godser, titler, hædersposter,</l>
                    <l>andre som ikke måler sig med mig i alder eller slægt.</l>
                    <l>Men jeg, en Brahe, af en brødreflok på fem,</l>
                    <l>og ældst iblandt dem, blev dårligt taget i betragtning.</l>
                    <l n="35">Men jeg misunder ikke dem, jeg ynker folk der stræber efter det</l>
                    <l>som intet fast har over sig og er så alt for forgængeligt.</l>
                    <l>Nej, der var stort set ingen dér der beundrede mine bedrifter,</l>
                    <l>til trods for at de kunne måle sig med Herkules'.</l>
                    <l>Alkiden kom (ifølge sagnet) den trætte Atlas til hjælp</l>
                    <l n="40">så himlens kolossale bygning ikke sank i grus.</l>
                    <l>Men jeg kom til da Ptolemæus snublede, og I, Alfonso og Kopernikus,</l>
                    <l>jeg trådte til, og jeg står fast på fødderne.</l>
                    <l>Jeg viste hvordan himlens kredsløb havde spillet jeres studier et puds,</l>
                    <l>hvor imponerende de studier end var, </l>
                    <l n="45">Jeg satte nye faste fundamenter under himlens hvælving</l>
                    <l>så den for fremtiden ikke slår revner og ikke kan synke i grus.</l>
                    <l>Men ligesom eftertiden vil bevidne mig sin tak,</l>
                    <l>er takken uden mæle i min egen tid.</l>
                    <l>Hvor meget har jeg ikke også ydet inden for Machaons kunst, </l>
                    <l n="50">som let kan bringe lindring til de syges svagelige lemmer &#x2013;</l>
                    <l>Danmark, hvis du fortier det, vil nordmænd og svenskere tale,</l>
                    <l>for dér har mange syge fået hjælp af mig. </l>
                    <l>Men jeg var ikke ude på at tjene på det, som man ellers er det overalt,</l>
                    <l>jeg gav helt gratis bort hvad jeg med megen møje havde fremstillet.</l>
                    <l n="55">Men det var sikkert grunden til at jeg har mødt så megen skinsyge og
                        had:</l>
                    <l>Her ligger fra for længe siden spiren til min bortrejse,</l>
                    <l>en spire som i lang tid var gemt bort og aldrig åbent lagt for dagen</l>
                    <l>før den mand trådte frem der gav skinsygens gift dens faste form. </l>
                    <l>Ja, sådan har det onde trængt det gode ud, jeg selv er uden skyld,</l>
                    <l n="60">og det er godt at vide at der intet kritisabelt var ved min
                        bortrejse.</l>
                    <l>Hvor stor bekymring og hvor stor bekostning har ikke måttet bære</l>
                    <l>for at det store værk jeg havde planer om, kunne komme op at stå!</l>
                    <l>Hvor mange har jeg ikke givet indblik i min videnskabs mysterier,</l>
                    <l>folk som jeg forsørget længe, helt af egen lomme!</l>
                    <l n="65">Og der er meget andet, som jeg ikke tør nævne alt sammen</l>
                    <l>for ikke at blive beskyldt for opremse egne dyder.</l>
                    <l>Og takken for alt det (åh guder)</l>
                    <l>er at jeg nu må leve i landflygtighed med seks børn og med deres mor. </l>
                    <l>Og dog: landflygtig er jeg ikke, jeg har vundet mig en vældig frihed,</l>
                    <l n="70">nej, jeg var snarere landflygtig i mit fædreland!</l>
                    <l>Nu har jeg lykken med mig, nu er jeg min egen herre,</l>
                    <l>nu har jeg ikke fædrelandet &#x2013; men den hele vide verden.</l>
                    <l>Andre vil tage imod mig, det skal Gud nok drage omsorg for,</l>
                    <l>og hvor som helst vil alle værdsætte mit arbejde</l>
                    <l n="70">&#x2013; hvor hånligt du end kaster vrag på det og modarbejder
                        det,</l>
                    <l>mit fædreland! Du sætter selv din hæder over styr! </l>
                    <lb/>
                    <l>Derfor farvel, du utaknemmelige! Mit fædreland er hvor som helst</l>
                    <l>hvor man er villig til at bringe himlens helligdom de rette ofre,</l>
                    <l>er villig til at påskønne mit store arbejde</l>
                    <l n="80">og ikke kun belønner mig med utak. </l>
                    <l>Men Danmark selv kan undskyldes, det medgiver jeg,</l>
                    <l>det har medlidenhed med mig og græmmes over sine egne ulykker.</l>
                    <l>Og også du, den store kong Frederiks heltesøn,</l>
                    <l>du, ædle konge, vidste intet og er uden skyld.</l>
                    <l n="85">Andre retsindige folk ser med harme på at dette sker,</l>
                    <l>guderne give at der ikke følger værre efter!</l>
                    <l>Det er en ganske lille flok der modarbejder mig med alt hvad de kan finde</l>
                    <l>af lumske kneb &#x2013; selvom jeg ikke selv har gjort dem spor.</l>
                    <l>Til dem siger jeg farvel, gid de må få hvad de fortjener, for hvad de har
                        gjort,</l>
                    <l n="90">som den hævnende Guds forfærdende love kræver. </l>
                    <l>Vær hilset du, Henrik, ærværdige søn af Rantzauernes slægt,</l>
                    <l>der som den første giver Urania husly</l>
                    <l>her i de nye bygninger på Wandsbecks høje borg</l>
                    <l>nær Hamborgs vidtstrakte volde.</l>
                    <l n="95">Dem har den vidt berømte store helt opført til sig selv</l>
                    <l>dengang han havde levet sine fyrre år. </l>
                    <l>Gid Gud, den stjernefyldte himmels hersker,</l>
                    <l>vil lade mig drage nytte af min skæbne og af dette sted</l>
                    <l>så hele verden kan få indsigt i hans underværker,</l>
                    <l n="100">der længe har ligget skjult i den uudgrundelige æther.</l>
                    <l>Ja, Rantzau, lige så længe himlen ejer sine stjerner,</l>
                    <l>vil rygtet om din gæstfrihed forblive levende.</l>
                </lg>
                <closer rend="center">T.B. <lb/>Skrevet d. 20. oktober 1597 da jeg på Wandsbeck
                    genoptog de astronomiske observationer som jeg omkring forårsjævndøgn mod min
                    egen vilje havde indstillet på Uraniborg. Må Gud, Himmelens og Jordens skaber,
                    stå mig bi i det.</closer>
            </div>
        </body>
    </text>
</TEI>
