<?xml version="1.0" encoding="UTF-8"?>

<TEI xmlns="http://www.tei-c.org/ns/1.0">
    <teiHeader>
        <fileDesc>
            <titleStmt>
                <title>Ad Daniam et Danos integros excusatio</title>
                <author>Tycho Brahe</author>
                <editor>
                    <name xml:id="pz">
                        <persName>
                            <forename type="first">Peter</forename>
                            <surname>Zeeberg</surname>
                        </persName>
                    </name>
                </editor>
                <funder>Carlsbergfondet</funder>
            </titleStmt>
            <editionStmt>
                <edition/>
            </editionStmt>
            <publicationStmt>
                <publisher>
                    <ref target="https://dsl.dk">Det Danske Sprog- og Litteraturselskab</ref>
                </publisher>
                <pubPlace>København</pubPlace>
                <date>2019</date>
                <idno>nil</idno>
                <idno type="isbn">nil</idno>
                <availability status="restricted">
                    <ab>Copyright © 2019, Danske Sprog- og Litteraturselskab</ab>
                </availability>
            </publicationStmt>
            <sourceDesc>
                <listWit>
                    <witness xml:id="A">
                        <msDesc>
                            <msIdentifier>
                                <settlement>Wien</settlement>
                                <repository>Österreichische Staatsbibliothek</repository>
                                <collection>empty</collection>
                                <idno>cod. Vindob. lat. 10686.6</idno>
                                <msName>empty</msName>
                            </msIdentifier>
                        </msDesc>
                    </witness>
                    <witness xml:id="TBOO">
                        <bibl><title>Tychonis Brahe Dani Opera Omnia</title>, ed. I.L.E. Dreyer,
                            Tom. IX, Hauniæ 1927, p. 213</bibl></witness>
                </listWit>
                <listBibl>
                    <bibl>empty</bibl>
                </listBibl>
            </sourceDesc>
        </fileDesc>
        <profileDesc>
            <creation><date>1599 (c.)</date></creation>
            <langUsage>
                <language ident="la"/>
            </langUsage>
            <textClass>
                <keywords>
                    <term>poesi</term>
                </keywords>
            </textClass>
            <abstract>
                <ab>nil</ab>
            </abstract>
        </profileDesc>
        <revisionDesc>
            <change when="2019-02-02" who="#pz">Filen etableret</change>
        </revisionDesc>
    </teiHeader>
    <text>
        <front/>
        <body>
            <pb ed="TBOO" n="IX.213"/>
            <pb ed="A" n="11v"/>
            <div>
                <head>AD DANIAM ET DANOS INTEGROS EXCUSATIO.</head>
                <lg>
                    <l>DANIA sis facilis, non te, mea patria, tango </l>
                    <l>Nilque vices nostræ minus aequas imputo sortis, </l>
                    <l>Nec quod ego immerito peregrinis verser in oris; </l>
                    <l>Chara mihi, velut ante, manes, quia noxia non es,</l>
                    <l n="5">Rexque tuus magni Friderici splendida proles, </l>
                    <l>Christianus numero quartus, nihil intulit ultro </l>
                    <l>Damnosi nobis, sed enim clemente favore</l>
                    <l>Usus erat, quem forte dies auxsset in omnes,</l>
                    <l>Ni malesuada suis vetuisset lingua cavistis.</l>
                    <l n="10">Vosque alij, Virtutis amor cognataque recti</l>
                    <l>Integritas quibus est cordi, de stemmate claro </l>
                    <l>Innumeri populusque omnis, nihil inde moveri </l>
                    <l>Convenit, exponant quod nostros carmina casus.</l>
                    <l>Vestra etenim non ulla subest hîc culpa; doletis</l>
                    <pb ed="A" n="12r"/>
                    <l n="15">Quin potius, gratum quod sic avellere membrum </l>
                    <l>Tres quatuorve viri invisi potuere, quid atrox</l>
                    <l>Non agit invidia et nummorum insana cupido?</l>
                    <l>Quid non inscitia et vacui censura cerebri?</l>
                </lg>
                <closer>T. B. F.</closer>
            </div>
        </body>
    </text>
</TEI>
