<?xml version="1.0" encoding="UTF-8"?>

<TEI xmlns="http://www.tei-c.org/ns/1.0">
    <teiHeader>
        <fileDesc>
            <titleStmt>
                <title>Ad H. Gyllunfinum Bahusiæ arcis præfectum</title>
                <editor>
                    <name xml:id="pz">
                        <persName>
                            <forename type="first">Peter</forename>
                            <surname>Zeeberg</surname>
                        </persName>
                    </name>
                </editor>
                <funder>Carlsbergfondet</funder>
            </titleStmt>
            <editionStmt>
                <edition/>
            </editionStmt>
            <publicationStmt>
                <publisher>
                    <ref target="https://dsl.dk">Det Danske Sprog- og Litteraturselskab</ref>
                </publisher>
                <pubPlace>København</pubPlace>
                <date>2019</date>
                <idno>nil</idno>
                <idno type="isbn">nil</idno>
                <availability status="restricted">
                    <ab>Copyright © 2019, Danske Sprog- og Litteraturselskab</ab>
                </availability>
            </publicationStmt>
            <sourceDesc>
                <listWit>
                        <witness xml:id="A">
                            <bibl>Pierre Gassendi <title>Tychonis Brahei vita</title> Paris 1654, p. 301</bibl>
                        </witness>
                            <!--<physDesc>
                                <objectDesc>
                                    <supportDesc material="paper">
                                        <support>
                                            <ab/>
                                        </support>
                                        <extent>
                                            <dimensions unit="cm">
                                                <height>0</height>
                                                <width>0</width>
                                            </dimensions>
                                        </extent>
                                        <condition>
                                            <ab/>
                                        </condition>
                                    </supportDesc>
                                    <layoutDesc>
                                        <ab/>
                                    </layoutDesc>
                                </objectDesc>
                                <handDesc> <handNote> <ab>empty</ab> </handNote> </handDesc> <additions> <ab>empty</ab> </additions> <sealDesc> <seal> <ab>empty</ab> </seal> </sealDesc><history>
                                <ab></ab>
                            </history>-->
                    <witness xml:id="TBOO">
                        <bibl><title>Tychonis Brahe Dani Opera Omnia</title>, ed. I.L.E. Dreyer, Tom. IX, Hauniæ 1927, p. 191</bibl></witness>
                </listWit>
                <listBibl>
                    <bibl>empty</bibl>
                </listBibl>
            </sourceDesc>
        </fileDesc>
        <profileDesc>
            <creation><date>1589 (c.)</date></creation>
            <langUsage>
                <language ident="la" />
            </langUsage>
            <textClass>
                <keywords>
                    <term>poesi</term>
                </keywords>
            </textClass>
            <abstract>
                <ab>nil</ab>
            </abstract>
        </profileDesc>
        <revisionDesc>
            <change when="2019-02-01" who="#pz">Filen etableret</change>
        </revisionDesc>
    </teiHeader>
    <text>
        <front/>
        <body>
            <div><pb ed="TBOO" n="IX.191"/>
                <head>AD H. GYLLUNFINUM BAHUSIÆ ARCIS PRÆFECTUM, HOSPITEM SUUM AMANTISSIMUM.</head>
            <lg>
                <l>TANTA fuit virtus, Mavors, et splendor avorum, </l>
            <l rend="indent">Aurea quod Genti nomina Stella dedit. </l> 
            <l>Magna quidem laus est micuisse ut sidera: maior, </l>
            <l rend="indent">Ut Phœbus Patribus præmicuisse tuam. </l> 
            <l n="5">Tot Patriæ insignes peperisti Marte triumphos,</l>
            <l rend="indent">Claraque tot victrix dextra trophæa tulit. </l> 
            <l>Utque micant radijs rutilantibus æquora Phœbi, </l>
            <l rend="indent">Cimbria sic palmis fulget ovatque tuis. </l> 
            <l>Aurea Stella apte, titulo tamen impare gestis</l>
            <l rend="indent" n="10">Aureus, et melius Sol tibi nomen erit.</l>
            </lg>
                <closer>T. B.</closer>
                </div>
        </body>
    </text>
</TEI>
