<?xml version="1.0" encoding="UTF-8"?>
<TEI xmlns="http://www.tei-c.org/ns/1.0">
    <teiHeader>
        <fileDesc>
            <titleStmt>
                <title>Ad Martinum Braschium</title>
                <author>Tycho Brahe</author>
                <editor>
                    <name xml:id="pz">
                        <persName>
                            <forename type="first">Peter</forename>
                            <surname>Zeeberg</surname>
                        </persName>
                    </name>
                </editor>
                <funder>Carlsbergfondet</funder>
            </titleStmt>
            <editionStmt>
                <edition/>
            </editionStmt>
            <publicationStmt>
                <publisher>
                    <ref target="https://dsl.dk">Det Danske Sprog- og Litteraturselskab</ref>
                </publisher>
                <pubPlace>København</pubPlace>
                <date>2019</date>
                <idno>nil</idno>
                <idno type="isbn">nil</idno>
                <availability status="restricted">
                    <ab>Copyright © 2019, Danske Sprog- og Litteraturselskab</ab>
                </availability>
            </publicationStmt>
            <sourceDesc>
                <listWit>
                        <witness xml:id="A">
                    <msDesc>
                        <msIdentifier>
                            <settlement>Wien</settlement>
                            <repository>Österreichische Staatsbibliothek</repository>
                            <collection>empty</collection>
                            <idno>cod. Vindob. lat. 10686.49</idno>
                            <msName>empty</msName>
                        </msIdentifier>
                    </msDesc>
                    </witness>
                    <witness xml:id="TBOO">
                        <bibl><title>Tychonis Brahe Dani Opera Omnia</title>, ed. I.L.E. Dreyer, Tom. IX, Hauniæ 1927, p. 208</bibl></witness>
                </listWit>
                <listBibl>
                    <bibl>empty</bibl>
                </listBibl>
            </sourceDesc>
        </fileDesc>
        <profileDesc>
            <creation><date>unknown</date></creation>
            <langUsage>
                <language ident="la" />
            </langUsage>
            <textClass>
                <keywords>
                    <term>poesi</term>
                </keywords>
            </textClass>
            <abstract>
                <ab>nil</ab>
            </abstract>
        </profileDesc>
        <revisionDesc>
            <change when="2019-05-10" who="#pz">Filen etableret</change>
        </revisionDesc>
    </teiHeader>
    <text>
        <front/>
        <body>
            <div><head>AD MARTINUM BRASCHIUM.</head>
            <p>Post carmen Martini Braschii ad Tychonem datum.</p>
                <lb/>
                <p>Cum hoc carmen per Studiosum quendam mihi notum Poëta ille misisset, et ego per eundem rescribi jussissem, chartulæ. cui aureos nummos gratitudinis ergo involvebam, eisdem literis impositæ, sequens Epigramma mea manu subscripsi. </p>
                
                <lg><l>HÆC Aganippeâ pro venâ munera venæ</l> 
                    <l rend="indent">Auriferæ, Braschi, consule missa boni. </l>
                    <l>Quando talenta potens Auri lapis ille Sophorum,</l> 
                    <l rend="indent">Quem spondes, dederit plurima, plura feres.</l></lg>
               </div>
        </body>
    </text>
</TEI>
