<?xml version="1.0" encoding="UTF-8"?>

<TEI xmlns="http://www.tei-c.org/ns/1.0">
    <teiHeader>
        <fileDesc>
            <titleStmt>
                <title>Erico Lange</title>
                <author>Tycho Brahe</author>
                <editor>
                    <name xml:id="pz">
                        <persName>
                            <forename type="first">Peter</forename>
                            <surname>Zeeberg</surname>
                        </persName>
                    </name>
                </editor>
                <funder>Carlsbergfondet</funder>
            </titleStmt>
            <editionStmt>
                <edition/>
            </editionStmt>
            <publicationStmt>
                <publisher>
                    <ref target="https://dsl.dk">Det Danske Sprog- og Litteraturselskab</ref>
                </publisher>
                <pubPlace>København</pubPlace>
                <date>2019</date>
                <idno>nil</idno>
                <idno type="isbn">nil</idno>
                <availability status="restricted">
                    <ab>Copyright © 2019, Danske Sprog- og Litteraturselskab</ab>
                </availability>
            </publicationStmt>
            <sourceDesc>
                <listWit>
                    <witness xml:id="A">
                        <msDesc>
                            <msIdentifier>
                                <settlement>København</settlement>
                                <repository>Kongelige Bibliotek</repository>
                                <collection>Thott</collection>
                                <idno>1044 4to</idno>
                                <msName>empty</msName>
                            </msIdentifier></msDesc></witness>
                    <witness xml:id="TBOO">
                        <bibl><title>Tychonis Brahe Dani Opera Omnia</title>, ed. I.L.E. Dreyer, Tom. XV, Hauniæ 1929, p. 3-5</bibl>
                    </witness>
                    <witness xml:id="Zeeberg">
                        <bibl>Peter Zeeberg, "Amor på Hven. Tycho Brahes digt til Erik Lange", <title>Renæssancen. Dansk - europæisk - globalt</title>, red. Minna Skafte Jensen og Marianne Pade (Renæssancestudier 2), København 1988, p. 161-181.</bibl>
                    </witness>
                            <!--<physDesc>
                                <objectDesc>
                                    <supportDesc material="paper">
                                        <support>
                                            <ab/>
                                        </support>
                                        <extent>
                                            <dimensions unit="cm">
                                                <height>0</height>
                                                <width>0</width>
                                            </dimensions>
                                        </extent>
                                        <condition>
                                            <ab/>
                                        </condition>
                                    </supportDesc>
                                    <layoutDesc>
                                        <ab/>
                                    </layoutDesc>
                                </objectDesc>
                                <handDesc> <handNote> <ab>empty</ab> </handNote> </handDesc> <additions> <ab>empty</ab> </additions> <sealDesc> <seal> <ab>empty</ab> </seal> </sealDesc><history>
                                <ab></ab>
                            </history>-->
                </listWit>
                <listBibl>
                    <bibl>empty</bibl>
                </listBibl>
            </sourceDesc>
        </fileDesc>
        <profileDesc>
            <creation><date>1584</date></creation>
            <langUsage>
                <language ident="la" />
            </langUsage>
            <textClass>
                <keywords>
                    <term>poesi</term>
                </keywords>
            </textClass>
            <abstract>
                <ab>nil</ab>
            </abstract>
        </profileDesc>
        <revisionDesc>
            <change when="2019-03-04" who="#pz">Filen etableret, teksten indsat fra 1988-artiklen</change>
        </revisionDesc>
    </teiHeader>
    <text>
        <front/>
        <body><div><pb ed="TBOO" n="XV.3"/>
            <head>ET <app><lem resp="TBOO">GENERIS</lem><rdg wit="#A">GENIJ</rdg></app> ET INGENIJ NOBILITATE JUVENI 
                CLARO ERICO LANGE, DN. DE <app><lem wit="#A">ERIGSTHOLM</lem><rdg><note>rectius: <q>Engelsholm</q></note></rdg></app>, 
                PRÆSIDI ARCIS BYGHOLMENSIS, AMICO 
                SUO INTEGERRIMO.
                S.D
            </head>
            <lg><l>Hanc tibi Tycho tuus transmittit Erice salutem, </l>
                <l rend="indent">Si qveat ulla salus esse, ubi regnat amor.</l>
                <l>Omnis amans animo langvet, nec corpore firmo est;</l>
                <l rend="indent">Est res plena adeo debilitatis amor. </l>
                <l n="5">Nunqvam secum habitans, alieno in corpore vivit</l>
                <l rend="indent">Is, qvem solliciti tangit amoris amor. </l>
                <l>Invidet alternam reqviem placidumqve soporem, </l>
                <l rend="indent">Dum vigilat pernox irreqvietus amor. </l>
                <l>Musarumqve <app><lem wit="#A">choros</lem><rdg><note>corr. ex: <q>cohors</q> (?)</note></rdg></app>, pulcher qvos ducit Apollo, </l>
                <l rend="indent" n="10">Et superum laudes non bene novit amor.</l>
                <l>Nec secreta capit Vestalibus abdita sacris, </l>
                <l rend="indent">Qvamvis igne magis ferveat omnis amor. </l><pb ed="TBOO" n="XV.4"/>
                <l>Lucidaqve astra poli, sublimia templa Deorum, </l>
                <l rend="indent">Nec bene utroqve videt lumine captus amor. </l>
                <l n="15">Sic nunqvam reditura iterum juvenilia perdit</l>
                <l rend="indent">Tempora, dum nimium tempora torqvet amor. </l>
                <l>Sic frustrare solet properantis commoda vitæ, </l>
                <l rend="indent">Dum vivo qvid sit vivere nescit amor. </l>
                <l>Hæc et mille alias cum secum incommoda portet, </l>
                <l rend="indent" n="20">Qvamvis nulla qveat cernere cœcus amor, </l>
                <l>Cur flagrante volens furtim te conficis igne? </l>
                <l rend="indent">Cur tibi tam charus non sat amicus amor? </l>
                <l>Desine perpetuo sentire Cupidinis arcus,</l>
                <l rend="indent">Desine, <app><lem wit="#A">nec</lem><rdg><note>in <q>ne</q> corrigendum?</note></rdg></app> constans pectora lædat amor. </l>
                <l n="25">Et si nosse <app><lem wit="#A">velis</lem><rdg><note>supra <q>velis</q> in A scriptum est <q>cupis</q>; in marg. addita sunt verba n<q>oscere si cupias</q></note></rdg></app>, qvis sit modus, unde licebit</l>
                <l rend="indent">Evitare ictus, qvos jaculatur amor, </l>
                <l>Accipe, sed caveas, ne nominis implicet error; </l>
                <l rend="indent">Fac novus alterius sit medicamen amor. </l>
                <l><app><lem resp="Zeeberg">Si</lem><rdg wit="#A #TBOO">Sic</rdg></app> te blanda Venus per tela Cupidinis urget, </l>
                <l rend="indent" n="30">Palladis egregius substituatur amor. </l>
                <l>Si nocturna qvies nimium frustratur amore, </l>
                <l rend="indent">Urania astriferæ sit tibi noctis amor. </l>
                <l>Sive Cupidineo te nox qvoqve <app><lem wit="#A">conficit</lem><rdg><note>supra <q>conficit</q> in A scriptum est <q>concoquit</q></note></rdg></app> igne, </l>
                <l rend="indent">Sit tibi Vestarum lucidus ignis amor. </l>
                <l n="35">Deniqve qvicqvid erit, leviter qvod nectit amorem, </l>
                <l rend="indent">Et gravis et melior fac cito pellat amor. </l>
                <l>Sic amor alterius fiet medicamen amoris: </l>
                <l rend="indent">Omnia qvi vincit, se qvoqve vincat amor. </l>
                <l>Tu modo, si dubitas, notam te confer ad arcem</l>
                <l rend="indent" n="40">Uraniæ, insvetus <app><lem wit="#A">hic</lem><rdg><note>supra <q>hic</q> in A scriptum est <q>sic</q></note></rdg></app> tibi <app><lem resp="#Zeeberg">crescet</lem><rdg wit="#A">crescit</rdg> <note>(cf. v. 41)</note></app> amor. </l>
                <l>Crescet, et alterius fervor decrescet Amoris; </l>
                <l rend="indent">Hic in amore potes discere qvid sit amor. </l>
                <l>Seu juvet Æthereas mundi specularier arces, </l>
                <l rend="indent">Ætheris intrabit pectora mirus amor: </l>
                <l n="45">Seu magis igniferas placeat scrutarier artes, </l>
                <l rend="indent">Magnus in igne aderit, cum siet ignis, amor. </l>
                <l>Musarumqve choros dulces et Apollinis <app><lem resp="#Zeeberg">artes</lem><rdg wit="#A">arces</rdg></app>, </l>
                <l rend="indent">Qvas Charites redamant, numne repellat amor? </l>
                <l>Singula qvid referam? Veri penetralia amoris</l>
                <l rend="indent" n="50">Quando subire datur, vanus abibit amor. </l>
                <l>Hæc tibi Tychonis, qvo te multumqve diuqve</l>
                <l rend="indent">Proseqvitur, charus scribere jussit amor. </l>
                <l>Nec scripsisse satis fuerat, nisi pressa veniret</l>
                <l rend="indent">Littera, suppressus qva vetus iret amor. </l><pb ed="TBOO" n="XV.5"/>
                <l n="55">Pressis ille tuo residens in corde lituris</l>
                <l rend="indent">Scillicet est pressis obliterandus amor. </l>
                <l>Vt novus et melior, qvi te revocetqve juvetqve, </l>
                <l rend="indent">Impressus menti restituatur amor. </l>
                <l>Imprimere Uraniæ Musæ, Vulcanus, Apollo</l>
                <l rend="indent" n="60">Qvem poterint, vanus qvando peribit amor? </l>
                <l>Id si noster amor, si typi et littera pressa</l>
                <l rend="indent">Expedient, aderit mox tibi qvantus amor? </l>
                <l>Magnus is est, fateor, qvo nunc torqveris amore, </l>
                <l rend="indent">Parvus erit, veniet cum tibi verus amor. </l>
                <l n="65">Nec frustra hunc veteres parvum finxere Poëtæ,</l><l></l>
                <l rend="indent">Cum neqve sit magnus sit neque fixus amor. </l>
                <l>Sydera nec vincit penetrat nec viscera terræ, </l>
                <l rend="indent">Sed perit in minimis iste pusillus amor. </l>
                <l>Verior et major typis tua pectora nostris</l>
                <l rend="indent" n="70">Musa omnes superos orat <app><lem resp="Behrend">ut</lem><rdg wit="#A">et</rdg></app> intret amor. </l>
                <l>Sin minus et solidum nunc aspernaris amorem, </l>
                <l rend="indent">Forte olim dices: sicne fefellit amor? </l>
                <l>Sicne fefellit amor? bona sic mihi tempora ademit? </l>
                <l rend="indent">Tunc etiam nolles, iste fuisset amor. </l>
                <l n="75">Sed cave ne sero nimium, cum occasio calva</l>
                <l rend="indent">Aufugiet, pectus serior intret amor; </l>
                <l>Pœnitet hunc frustra, qvem sero pœnitet, et cum</l>
                <l rend="indent">Nulla salus restat, stat qvoqve nullus amor.</l>
                <l>Nunc igitur vigor ingenij et tibi firma juventus</l>
                <l rend="indent" n="80">Cum siet, assvetus fac valedicat amor. </l>
                <l>Insvetus subeat, validum qvi corpore, mente, </l>
                <l rend="indent">Artibus, ingenio te tibi reddat amor. </l>
                <l>Utqve valere qveas, qvod amoris liber et igne</l>
                <l rend="indent">Efficies, dicit nunc vale firmus amor. </l>
            </lg><p rend="center">EPILOGUS</p>
            <lg><l n="85">Si non vis solidum, stolidum secteris amorem,</l>
            <l rend="indent">In stolido solidi surget amoris AMOR.</l></lg>
                
            <closer>Datum Vraniburgi Anno 1584, 9 Calend. Decembr.
                <lb/>T.
                <lb/>Tycho Brahe
            </closer>
        </div>
        </body>
    </text>
</TEI>
