<?xml version="1.0" encoding="UTF-8"?>

<TEI xmlns="http://www.tei-c.org/ns/1.0">
    <teiHeader>
        <fileDesc>
            <titleStmt>
                <title>Andreæ Welleio saxonis interpreti</title>
                <author>Tycho Brahe</author>
                <editor>
                    <name xml:id="pz">
                        <persName>
                            <forename type="first">Peter</forename>
                            <surname>Zeeberg</surname>
                        </persName>
                    </name>
                </editor>
                <funder>Carlsbergfondet</funder>
            </titleStmt>
            <editionStmt>
                <edition/>
            </editionStmt>
            <publicationStmt>
                <publisher>
                    <ref target="https://dsl.dk">Det Danske Sprog- og Litteraturselskab</ref>
                </publisher>
                <pubPlace>København</pubPlace>
                <date>2019</date>
                <idno>nil</idno>
                <idno type="isbn">nil</idno>
                <availability status="restricted">
                    <ab>Copyright © 2019, Danske Sprog- og Litteraturselskab</ab>
                </availability>
            </publicationStmt>
            <sourceDesc>
                <listWit>
                    <witness xml:id="A">
                        <msDesc>
                            <msIdentifier>
                                <settlement>København</settlement>
                                <repository>Det Kongelige Bibliotek</repository>
                                <collection>Langebeks excerpter </collection>
                                <idno>178</idno>
                                <msName>empty</msName>
                            </msIdentifier></msDesc></witness>
                            <!--<physDesc>
                                <objectDesc>
                                    <supportDesc material="paper">
                                        <support>
                                            <ab/>
                                        </support>
                                        <extent>
                                            <dimensions unit="cm">
                                                <height>0</height>
                                                <width>0</width>
                                            </dimensions>
                                        </extent>
                                        <condition>
                                            <ab/>
                                        </condition>
                                    </supportDesc>
                                    <layoutDesc>
                                        <ab/>
                                    </layoutDesc>
                                </objectDesc>
                                <handDesc> <handNote> <ab>empty</ab> </handNote> </handDesc> <additions> <ab>empty</ab> </additions> <sealDesc> <seal> <ab>empty</ab> </seal> </sealDesc><history>
                                <ab></ab>
                            </history>-->
                    <witness xml:id="TBOO">
                        <bibl><title>Tychonis Brahe Dani Opera Omnia</title>, ed. I.L.E. Dreyer, Tom. IX, Hauniæ 1927, p. 174</bibl></witness>
                </listWit>
                <listBibl>
                    <bibl>empty</bibl>
                </listBibl>
            </sourceDesc>
        </fileDesc>
        <profileDesc>
            <creation><date>1575 (c.)</date></creation>
            <langUsage>
                <language ident="la" />
            </langUsage>
            <textClass>
                <keywords>
                    <term>poesi</term>
                </keywords>
            </textClass>
            <abstract>
                <ab>nil</ab>
            </abstract>
        </profileDesc>
        <revisionDesc>
            <change when="2019-02-01" who="#pz">Filen etableret</change>
            <change when="2019-02-11" who="#pz">tekst importeret</change>
            <change when="2019-02-22" who="#pz">tekst korrekturlæst efter TBOO</change>
        </revisionDesc>
    </teiHeader>
    <text>
        <front/>
        <body><div><pb ed="TBOO" n="IX.174"/>
            <head rend="center">M. ANDREÆ WELLEIO SAXONIS INTERPRETI EXQUISITISSIMO OB DESIDERATÆ PAPIRI DETESTANDAM
                CARITATEM NUNC MISERE SUOS LABORES TAM INDIGNE PERITUROS DEPLORANTI HOC CARMEN
                AD SPEM EXEQUENDI OPERIS ET LIBERALIS CONSTANTIÆ IMPETUM
                <lb/>T. B. SCRIPSIT.</head>
            <lg><l>ERGONE Saxonis morientur scripta diserti</l>
                <l>Deficiensque tibi tot fortia facta virorum</l>
                <l>Deficere æternum cogat tam cara papirus?</l>
                <l>Ergone perpetuis finientur cuncta tenebris,</l>
                <l n="5">Bellipotens multis quæ gessit Dania seclis?</l>
                <l>Tot Reges fortesque duces tantosque gigantes</l>
                <l>Holgeros Frothosque graues Risosque Rolandos</l>
                <l>Parua subire iterum permittat cartula mortem?</l>
                <l>Dij prohibete nefas, et vos prohibete puellæ,</l>
                <l n="10">Lintea quin potius vestris remouete lacertis</l>
                <l>Et forte optatæ nunc conficienda papiro.</l>
                <l>Ecce suos offert expansis Scania palmis</l>
                <l>Artifices, patriæ pereat ne gloria gentis,</l>
                <l>Sed prohibet duris inclusa pecunia vinclis</l>
                <l n="15">Nec sinit egregios lucem spectare labores.</l>
                <l>O semper claris inuisa pecunia factis!</l>
                <l>O semper rerum commixta pecunia satis!</l></lg>
        </div>
        </body>
    </text>
</TEI>
