<?xml version="1.0" encoding="UTF-8"?>

<TEI xmlns="http://www.tei-c.org/ns/1.0">
    <teiHeader>
        <fileDesc>
            <titleStmt>
                <title>Epitaphium Claudio filio</title>
                <author>Tycho Brahe</author>
                <editor>
                    <name xml:id="pz">
                        <persName>
                            <forename type="first">Peter</forename>
                            <surname>Zeeberg</surname>
                        </persName>
                    </name>
                </editor>
                <funder>Carlsbergfondet</funder>
            </titleStmt>
            <editionStmt>
                <edition/>
            </editionStmt>
            <publicationStmt>
                <publisher>
                    <ref target="https://dsl.dk">Det Danske Sprog- og Litteraturselskab</ref>
                </publisher>
                <pubPlace>København</pubPlace>
                <date>2019</date>
                <idno>nil</idno>
                <idno type="isbn">nil</idno>
                <availability status="restricted">
                    <ab>Copyright © 2019, Danske Sprog- og Litteraturselskab</ab>
                </availability>
            </publicationStmt>
            <sourceDesc>
                <listWit>
                    <witness xml:id="A">
                        <bibl>Epitaphium, Väsby kyrka, Skåne, Sweden</bibl>
                    </witness>
                    <witness xml:id="TBOO">
                        <bibl><title>Tychonis Brahe Dani Opera Omnia</title>, ed. I.L.E. Dreyer, Tom. XV, Hauniæ 1929, p. 3</bibl>
                    </witness>
                            <!--<physDesc>
                                <objectDesc>
                                    <supportDesc material="paper">
                                        <support>
                                            <ab/>
                                        </support>
                                        <extent>
                                            <dimensions unit="cm">
                                                <height>0</height>
                                                <width>0</width>
                                            </dimensions>
                                        </extent>
                                        <condition>
                                            <ab/>
                                        </condition>
                                    </supportDesc>
                                    <layoutDesc>
                                        <ab/>
                                    </layoutDesc>
                                </objectDesc>
                                <handDesc> <handNote> <ab>empty</ab> </handNote> </handDesc> <additions> <ab>empty</ab> </additions> <sealDesc> <seal> <ab>empty</ab> </seal> </sealDesc><history>
                                <ab></ab>
                            </history>-->
                </listWit>
                <listBibl>
                    <bibl>empty</bibl>
                </listBibl>
            </sourceDesc>
        </fileDesc>
        <profileDesc>
            <creation><date>1577</date></creation>
            <langUsage>
                <language ident="la" />
            </langUsage>
            <textClass>
                <keywords>
                    <term>poesi</term>
                </keywords>
            </textClass>
            <abstract>
                <ab>nil</ab>
            </abstract>
        </profileDesc>
        <revisionDesc>
            <change when="2019-03-04" who="#pz">Filen etableret, tekst indlagt, korrrekturlæst efter foto af originalen</change>
        </revisionDesc>
    </teiHeader>
    <text>
        <front/>
        <body><div><pb ed="TBOO" n="XV.3"/>
            <head>MEMORIÆ S.</head>
            <lg><l>CLAUDIUS hic parva tranquillus clauditur arca</l>
                <l rend="indent">Cui vivo in toto non foret orbe quies</l>
                <l>Hunc natura semel terris monstravit et illic</l>
                <l rend="indent">Concessit saltem sex superesse dies</l>
                <l>Ut tener et levior mortali labe solutus</l>
                <l rend="indent">Ad superos nullo pondere tardus eat</l>
                <l>Tempora pro modicis ubi nunc æterna diebus</l>
                <l rend="indent">Possidet et placida pace potitus ovat</l></lg>
                <p>Obijt Anno Domini MDLXXVII Januarij die VIII, Natus eiusdem die II.</p>
                <p rend="center">Nascentes morimur <lb/>et <lb/>Morientes renascimur.</p>
                <p>Claudio dilecto filiolo naturali ob festinum hinc in æternitatem discessum sibi non viso
                Tycho Brahe F. &amp; P.</p>
        </div>
        </body>
    </text>
</TEI>
