<?xml version="1.0" encoding="UTF-8"?>

<TEI xmlns="http://www.tei-c.org/ns/1.0">
    <teiHeader>
        <fileDesc>
            <titleStmt>
                <title>Tycho Brahe lusit hæc cum Sophia sorore sua</title>
                <author>Tycho Brahe</author>
                <editor>
                    <name xml:id="pz">
                        <persName>
                            <forename type="first">Peter</forename>
                            <surname>Zeeberg</surname>
                        </persName>
                    </name>
                </editor>
                <funder>Carlsbergfondet</funder>
            </titleStmt>
            <editionStmt>
                <edition/>
            </editionStmt>
            <publicationStmt>
                <publisher>
                    <ref target="https://dsl.dk">Det Danske Sprog- og Litteraturselskab</ref>
                </publisher>
                <pubPlace>København</pubPlace>
                <date>2019</date>
                <idno>nil</idno>
                <idno type="isbn">nil</idno>
                <availability status="restricted">
                    <ab>Copyright © 2019, Danske Sprog- og Litteraturselskab</ab>
                </availability>
            </publicationStmt>
            <sourceDesc>
                <listWit>
                    <witness xml:id="A">
                        <msDesc>
                            <msIdentifier>
                                <settlement>København</settlement>
                                <repository>Det Kongelige Bibliotek</repository>
                                <collection>Langebeks excerpter </collection>
                                <idno>179</idno>
                            </msIdentifier></msDesc>
                    </witness>
                    <witness xml:id="TBOO">
                        <bibl><title>Tychonis Brahe Dani Opera Omnia</title>, ed. I.L.E. Dreyer, Tom. IX, Hauniæ 1927, p. 208</bibl></witness>
                </listWit>
                <listBibl>
                    <bibl>empty</bibl>
                </listBibl>
            </sourceDesc>
        </fileDesc>
        <profileDesc>
            <creation><date>unknown</date></creation>
            <langUsage>
                <language ident="la" />
            </langUsage>
            <textClass>
                <keywords>
                    <term>poesi</term>
                </keywords>
            </textClass>
            <abstract>
                <ab>nil</ab>
            </abstract>
        </profileDesc>
        <revisionDesc>
            <change when="2019-05-10" who="#pz">Filen etableret</change>
        </revisionDesc>
    </teiHeader>
    <text>
        <front/>
        <body>
            <div><head>TYCHO BRAHE LUSIT HÆC CUM SOPHIA SORORE SUA IN PRÆDIO ANDREÆ SCHELII.</head>
                <lg><l>IUNO quidem gazas amat, at non spernit amorem,</l>
                    <l>Calliope cantus modulando affectat amorem,</l>
                    <l>Uranie cœlum adspiciens meditatur amorem.</l>
                    <l>Unicus has ternas quod Amor sic vincere Divas</l>
                    <l>Parvulus ingentes poterit, quis crederet unquam?</l>
                    <l>Succumbunt Divæ; mortales cedite Amori.</l>
                </lg>
                <p>ERICI LANGE NOMINE SORORI SOPHIÆ T. B.</p>
                <lg><l>Hanc tuus Ericus tibi, chara Sophia, salutem</l> 
                    <l rend="indent">Mittit, et o semet mittere posse datum. </l>
                    <l>Mittere cum nequeat corpus, suspirat, anhelat,</l> 
                    <l rend="indent">Sic animus proprio corpore semper abest.</l>
                    <l>Semper abest animus, quod amo, quod corpore alieno</l> 
                    <l rend="indent">Vivo, sic quid sit vivere, nescit amor.</l>
                    <l>Nunc ventos culpo, nunc vela et transtra tuumque</l> 
                    <l rend="indent">Hinc abitum, quodque littera nulla redit.</l></lg>
               </div>
        </body>
    </text>
</TEI>
