<?xml version="1.0" encoding="UTF-8"?>

<TEI xmlns="http://www.tei-c.org/ns/1.0">
    <teiHeader>
        <fileDesc>
            <titleStmt>
                <title>Dania ad Tychonem Braheum suum alumnum</title>
                <author>Tycho Brahe</author>
                <editor>
                    <name xml:id="pz">
                        <persName>
                            <forename type="first">Peter</forename>
                            <surname>Zeeberg</surname>
                        </persName>
                    </name>
                </editor>
                <funder>Carlsbergfondet</funder>
            </titleStmt>
            <editionStmt>
                <edition/>
            </editionStmt>
            <publicationStmt>
                <publisher>
                    <ref target="https://dsl.dk">Det Danske Sprog- og Litteraturselskab</ref>
                </publisher>
                <pubPlace>København</pubPlace>
                <date>2019</date>
                <idno>nil</idno>
                <idno type="isbn">nil</idno>
                <availability status="restricted">
                    <ab>Copyright © 2019, Danske Sprog- og Litteraturselskab</ab>
                </availability>
            </publicationStmt>
            <sourceDesc>
                <listWit>
                    <witness xml:id="A">
                        <msDesc>
                            <msIdentifier>
                        <settlement>Wien</settlement>
                        <repository>Österreichische Staatsbibliothek</repository>
                        <collection>empty</collection>
                        <idno>cod. Vindob. lat. 10686.6</idno>
                        <msName>empty</msName>
                            </msIdentifier>
                        </msDesc>
                    </witness>
                    <witness xml:id="TBOO">
                        <bibl><title>Tychonis Brahe Dani Opera Omnia</title>, ed. I.L.E. Dreyer,
                            Tom. IX, Hauniæ 1927, p. 213</bibl></witness>
                </listWit>
                <listBibl>
                    <bibl>empty</bibl>
                </listBibl>
            </sourceDesc>
        </fileDesc>
        <profileDesc>
            <creation><date>1599 (c.)</date></creation>
            <langUsage>
                <language ident="la"/>
            </langUsage>
            <textClass>
                <keywords>
                    <term>poesi</term>
                </keywords>
            </textClass>
            <abstract>
                <ab>nil</ab>
            </abstract>
        </profileDesc>
        <revisionDesc>
            <change when="2019-02-02" who="#pz">Filen etableret</change>
        </revisionDesc>
    </teiHeader>
    <text>
        <front/>
        <body>
            <div><pb ed="TBOO" n="IX.213"/><pb ed="A" n="12r"/>
                <head>DANIA AD TYCHONEM BRAHEUM SUUM ALUMNUM.</head>

                <lg>
                    <l>SI labor et virtus, meriti si gratia Celsi</l>
                    <l>Pondus habere queant, non te Braheia proles</l>
                    <l>Ora Bohemorum nostro cum lare teneret.</l>
                    <l>Quo recti favor et constantia cessit avita?</l>
                    <l>At quia sic non æqua mihique tibique tulêre</l>
                    <l>Fata, vel illorum potius qui fata gubernant</l>
                    <l>Publica, nullus amor doctrinæ, quosque fatigat</l>
                    <l>Livor iners et opes glomerandi sacra cupido,</l>
                    <l>Esto animo forti, velut es: fert omnia Virtus</l>
                    <l>Intrepide, nec dura timet, quia nescia frangi.</l>
                    <l>Tandem tempus erit, quo <app><lem wit="#A">cæcutijsse</lem><rdg><note>in lacuna add. ipse Tycho</note></rdg></app> pudebit</l>
                    <l>Nostrates, quos culpa manet, vel nunc pudet ultro,</l>
                    <l>Dissimulent quamvis taciti cælentque dolorem.</l>
                    <l>Nam magnis errare viris non competit, imo</l>
                    <l>Errori facilem nôrunt inducere fucum.</l>
                    <l>Jura illis, qui jura regunt, sunt ludicra jura,</l>
                    <l>Unde Polos <app><lem wit="#A">repetens</lem><rdg><note>ex <q>subiens</q> corr. ipse Tycho</note></rdg></app> terras Astræa reliquit.</l>
                    <l>Quin tua (crede mihi) tandem bona causa patescens</l>
                    <l>Clara triumphabit nullis obnoxia technis.</l>
                </lg>
            </div>
        </body>
    </text>
</TEI>
