<?xml version="1.0" encoding="UTF-8"?>

<TEI xmlns="http://www.tei-c.org/ns/1.0">
    <teiHeader>
        <fileDesc>
            <titleStmt>
                <title>De classe Hispaniæ</title>
                <editor>
                    <name xml:id="pz">
                        <persName>
                            <forename type="first">Peter</forename>
                            <surname>Zeeberg</surname>
                        </persName>
                    </name>
                </editor>
                <funder>Carlsbergfondet</funder>
            </titleStmt>
            <editionStmt>
                <edition/>
            </editionStmt>
            <publicationStmt>
                <publisher>
                    <ref target="https://dsl.dk">Det Danske Sprog- og Litteraturselskab</ref>
                </publisher>
                <pubPlace>København</pubPlace>
                <date>2019</date>
                <idno>nil</idno>
                <idno type="isbn">nil</idno>
                <availability status="restricted">
                    <ab>Copyright © 2019, Danske Sprog- og Litteraturselskab</ab>
                </availability>
            </publicationStmt>
            <sourceDesc>
                <listWit>
                        <witness xml:id="A">
                            <bibl>Pierre Gassendi <title>Tychonis Brahei vita</title> Paris 1654, p. 302</bibl>
                        </witness>
                            <!--<physDesc>
                                <objectDesc>
                                    <supportDesc material="paper">
                                        <support>
                                            <ab/>
                                        </support>
                                        <extent>
                                            <dimensions unit="cm">
                                                <height>0</height>
                                                <width>0</width>
                                            </dimensions>
                                        </extent>
                                        <condition>
                                            <ab/>
                                        </condition>
                                    </supportDesc>
                                    <layoutDesc>
                                        <ab/>
                                    </layoutDesc>
                                </objectDesc>
                                <handDesc> <handNote> <ab>empty</ab> </handNote> </handDesc> <additions> <ab>empty</ab> </additions> <sealDesc> <seal> <ab>empty</ab> </seal> </sealDesc><history>
                                <ab></ab>
                            </history>-->
                    <witness xml:id="TBOO">
                        <bibl><title>Tychonis Brahe Dani Opera Omnia</title>, ed. I.L.E. Dreyer, Tom. IX, Hauniæ 1927, p. 192</bibl></witness>
                </listWit>
                <listBibl>
                    <bibl>empty</bibl>
                </listBibl>
            </sourceDesc>
        </fileDesc>
        <profileDesc>
            <creation><date>1589 (c.)</date></creation>
            <langUsage>
                <language ident="la" />
            </langUsage>
            <textClass>
                <keywords>
                    <term>poesi</term>
                </keywords>
            </textClass>
            <abstract>
                <ab>nil</ab>
            </abstract>
        </profileDesc>
        <revisionDesc>
            <change when="2019-02-01" who="#pz">Filen etableret</change>
        </revisionDesc>
    </teiHeader>
    <text>
        <front/>
        <body>
            <div><pb ed="TBOO" n="IX.192"/><pb ed="A" n="302"/><head>DE CLASSE HISPANIÆ. <lb/>INTERPRETATIO CARMINIS A SERENISSIMO REGE SCOTIÆ CONSCRIPTI.</head>
                <lg><l>INSANO tumidæ gentes coiere tumultu, </l> 
                <l>Ausæ, insigne nefas, bello ciere Tonantem. </l> 
                <l>Mars sese accinxit: metuenda tot agmina nunquam </l> 
                <l>Visa ferunt: properare truces miro ordine turmæ, </l> 
                <l n="5">Nosque mari et terra et sævo clausere duello, </l> 
                <l>Exitium diraque minantes cæde ruinam:</l> 
                <l>Irrita sed tristi lugent conamine fine. </l> 
                <l>Nam laceras jecit ventus ludibria puppes, </l> 
                <l>Et sparsit rapidis tumescens montibus æquor. </l> 
                <l n="10">Felix communi qui evasit clade superstes, </l> 
                <l>Dum reliquos misero deglutit abyssus hiatu. </l> 
                <l>Cui vis tanta cadit? quis totque stupenda peregit? </l> 
                <l>Vanos Iova sacro conatus risit Olympo.</l></lg>
            </div>
        </body>
    </text>
</TEI>
