<?xml version="1.0" encoding="UTF-8"?>

<TEI xmlns="http://www.tei-c.org/ns/1.0">
    <teiHeader>
        <fileDesc>
            <titleStmt>
                <title>De mundi ætherei regentioribus phænomenis</title>
                <author>Tycho Brahe</author>
                <editor>
                    <name xml:id="pz">
                        <persName>
                            <forename type="first">Peter</forename>
                            <surname>Zeeberg</surname>
                        </persName>
                    </name>
                </editor>
                <funder>Carlsbergfondet</funder>
            </titleStmt>
            <editionStmt>
                <edition/>
            </editionStmt>
            <publicationStmt>
                <publisher>
                    <ref target="https://dsl.dk">Det Danske Sprog- og Litteraturselskab</ref>
                </publisher>
                <pubPlace>København</pubPlace>
                <date>2019</date>
                <idno>nil</idno>
                <idno type="isbn">nil</idno>
                <availability status="restricted">
                    <ab>Copyright © 2019, Danske Sprog- og Litteraturselskab</ab>
                </availability>
            </publicationStmt>
            <sourceDesc>
                <listWit>
                    <witness xml:id="A">
                        <bibl><title>Tychonis Brahe Dani de mundi ætherei recentioribus phænomenis</title>, Uraniburgi 1588</bibl>
                    </witness>
                    <witness xml:id="B">
                        <bibl><title>Tychonis Brahe de mundi ætherei recentioribus phænomenis</title> Pragæ 1603</bibl>
                    </witness>
                    <witness xml:id="C">
                        <bibl><title>Tychonis Brahe DAni de mundi ætherei recentioribus phænomenis</title> Francofurti 1610</bibl>
                    </witness>
                    <witness xml:id="TBOO">
                        <bibl><title>Tychonis Brahe Dani Opera Omnia</title>, ed. I.L.E. Dreyer, Tom. IV, Hauniæ 1922</bibl></witness>
                            <!--<physDesc>
                                <objectDesc>
                                    <supportDesc material="paper">
                                        <support>
                                            <ab/>
                                        </support>
                                        <extent>
                                            <dimensions unit="cm">
                                                <height>0</height>
                                                <width>0</width>
                                            </dimensions>
                                        </extent>
                                        <condition>
                                            <ab/>
                                        </condition>
                                    </supportDesc>
                                    <layoutDesc>
                                        <ab/>
                                    </layoutDesc>
                                </objectDesc>
                                <handDesc> <handNote> <ab>empty</ab> </handNote> </handDesc> <additions> <ab>empty</ab> </additions> <sealDesc> <seal> <ab>empty</ab> </seal> </sealDesc><history>
                                <ab></ab>
                            </history>-->
                </listWit>
                <listBibl>
                    <bibl>empty</bibl>
                </listBibl>
            </sourceDesc>
        </fileDesc>
        <profileDesc>
            <creation><date>1588</date></creation>
            <langUsage>
                <language ident="la" />
            </langUsage>
            <textClass>
                <keywords>
                    <term>astronomi</term>
                </keywords>
            </textClass>
            <abstract>
                <ab>nil</ab>
            </abstract>
        </profileDesc>
        <revisionDesc>
            <change when="2019-02-04" who="#pz">Filen etableret</change>
        </revisionDesc>
    </teiHeader>
    <text>
        <front><titlePage><docTitle><titlePart><hi rend="it">TYCHONIS BRAHE DANI</hi> DE MVNDI AETHEREI RECENTIORIBUS PHAENOMENIS<lb/>
            LIBER SECVNDVS</titlePart></docTitle>
            <docImprint>Typis Inchoata VRANIBVRGI DANIÆ. ABSOLVTA PRAGAE BOHEMIAE. M. DC. II.</docImprint>
            <byline>QVI EST DE ILLVSTRI STELLA CAVDATA ab elapso ferè triente Nouembris Anni 1577. vsque in finem Ianuarij sequentis conspecta.</byline>
            <docImprint>VRANIBVRGI CVM PRIVILEGIO.</docImprint>
        </titlePage>
        <div type="preface"></div></front>
        <body>
            <p>Test</p>
        </body>
    </text>
</TEI>
