<?xml version="1.0" encoding="UTF-8"?>
<TEI xmlns="http://www.tei-c.org/ns/1.0">
    <teiHeader>
        <fileDesc>
            <titleStmt>
                <title>Diarium anni 1573</title>
                <author>Tycho Brahe</author>
                <editor>
                    <name xml:id="pz">
                        <persName>
                            <forename type="first">Peter</forename>
                            <surname>Zeeberg</surname>
                        </persName>
                    </name>
                </editor>
                <funder>Carlsbergfondet</funder>
            </titleStmt>
            <editionStmt>
                <edition/>
            </editionStmt>
            <publicationStmt>
                <publisher>
                    <ref target="https://dsl.dk">Det Danske Sprog- og Litteraturselskab</ref>
                </publisher>
                <pubPlace>København</pubPlace>
                <date>2019</date>
                <idno>nil</idno>
                <idno type="isbn">nil</idno>
                <availability status="restricted">
                    <ab>Copyright © 2019, Danske Sprog- og Litteraturselskab</ab>
                </availability>
            </publicationStmt>
            <sourceDesc>
                <listWit>
                    <witness xml:id="D">
                        <msDesc>
                            <msIdentifier>
                                <settlement>Wien</settlement>
                                <repository>Österreichische Staatsbibliothek</repository>
                                <collection>empty</collection>
                                <idno>cod. Vidob. lat. 10932</idno>
                                <msName>empty</msName>
                            </msIdentifier></msDesc></witness>
                    <witness xml:id="TBOO">
                        <bibl><title>Tychonis Brahe Dani Opera Omnia</title>, ed. I.L.E. Dreyer, Tom. I, Hauniæ 1913, p. 75-130</bibl></witness>
                </listWit>
                <listBibl>
                    <bibl>empty</bibl>
                </listBibl>
            </sourceDesc>
        </fileDesc>
        <profileDesc>
            <creation><date>1573</date></creation>
            <langUsage>
                <language ident="la" />
            </langUsage>
            <textClass>
                <keywords>
                    <term>astronomi</term>
                </keywords>
            </textClass>
            <abstract>
                <ab>nil</ab>
            </abstract>
        </profileDesc>
        <revisionDesc>
            <change when="2019-02-01" who="#pz">Filen etableret</change>
            <change when="2019-06-17" who="#pz">Rå tekst indlagt</change>
            <change when="2019-06-18" who="#pz">Korrekturlæst</change>
            <change when="2019-06-28" who="#pz">Tekstkritik indlagt</change>
        </revisionDesc>
    </teiHeader>
    <text>
        <front/>
        <body>
            <div><head><pb ed="TBOO" n="I.75"/><pb ed="D" n="24r"/>DIARIUM ANNI MDLXXIII.</head>
            <figure/>
                <p>DOMINIUM huius figuræ præuentionalis solstitij hiberni est penes &#x2644;, eo quod is in loco
                coniunctionis terminum possideat, et dominus <app><lem>sit</lem><rdg><note>ex <q>hic</q> corr. D</note></rdg></app> Ascendentis, anguli sequentis luminarium
                coniunctionem. Ipse quoque est dominus horæ inæqualis, &#x2642; tamen aliqua ex parte particeps est in
                dominio, eo quod is in loco luminarium triplicitatem habens, in angulo sequente iuxta Ascendentis
                limites reperiatur; quia vero in &#x2644; domo est, et ab illo receptus, ac in eiusdem partili Antiscia,
                plurimum Saturno assimilatur. Ex hoc cœli positu iudico hyemis constitutionem, asperam et
                horridam, tum etiam diuturnam, quod ambo in fixis signis reperiantur, &amp; quamuis &#x2644;
                constitutio in &#x264f; Martisque in &#x2652; applicante Venere ipsi Saturno niuium copiam <app><lem>indicent</lem><rdg><note>ex <q>indicant</q> corr. D</note></rdg></app>: tamen &#x2643; in
                Ascendente in &#x2648; domo Martis Stationarius pulchram serenitatem subinde largitur, nec deerunt
                ventorum impetus, eo quod &#x263F; in signo ventoso ad &#x25b3; &#x2643; <app><lem>breuem celeri</lem><rdg><note>ex <q>breui celerique</q> corr. D</note></rdg></app> cursu feratur, et tempus
                    nouilunij <app><lem resp="#TBOO">incidat</lem><rdg><note><q>indicat</q> ex <q>indicet</q> corr. D</note></rdg></app> in exortum heliacum Aquilæ,</p>
                
                <pb ed="TBOO" n="I.76"/><pb ed="D" n="24v"/><figure/><!-- hertil mandag -->
                <p> HYBERNALIS Solstitij figuræ &#x2642; videtur præesse, maxime quia Lunæ locum
                    disponit, &amp; proxime post Solem occidit, supra eum eleuatus. Sed et &#x2644; dispositor Martis
                    angulique sequentis (non dubium est &#x2652; occidere, eo quod sit longarum <app><lem>descensionum</lem><rdg><note>ex <q>dispositionem</q> corr. D</note></rdg></app>, &amp; tempus
                solstitij assignatum non plurimum aberrare potest a vero) dominus existit, &amp; Luna est cum
                lino Piscium Meridionali, stellis de natura Saturni frigida, &amp; nonnihil &#x263F;, &#x2642; etiam cum
                stellis in corpore &#x2651; naturæ Saturniæ. Vnde etiam ex hac cœli figuratione hyemis constitutio
                aspera et sicca cum gelu et frigore designatur. Niues etiam suo tempore <app><lem resp="#TBOO">copiosæ</lem><rdg wit="#D"><q>copiosas</q></rdg></app> propter
                applicationem &#x2640; ad corpus &#x2644; in &#x25a1; Martis indicantur. At quia Luna in &#x2648; Ioui applicat et supra alios
                eleuentur, pulchram serenitatem et salubrem statum portendi nonnumquam verisimile est.
                Generaliter autem transitus &#x2644; per posteriores partes &#x264f; gelidas asperas &amp; diuturnas hyemes
                portendit. Sed nunc relicta hyeme ver aggrediemur.</p> 
                
                <pb ed="TBOO" n="I.77"/><pb ed="D" n="25r"/><figure/><p>IMPERIUM huius vernæ
                    præuentionis cœli positus est penes &#x2642; adiuncto sibi collega &#x2643;, eo quod &#x2642; in loco &#x260c; &#x2609; &amp; &#x263E;
                triplicitatem terminumque in angulo sequente domicilium, &amp; vna triplicitatem obtineat. Ipse
                etiam ab angulo sequente haud longe remotus, proxime post luminaria descendit, quorum locum
                imperanti Antiscia ferme intuetur. Adde quod ille in proprio solio vel carpento collocetur omnium
                <app><lem>fortissimus</lem><rdg><note>ex <q>formosissimus</q> corr. D</note></rdg></app>, et visitationem domorum a coniunctionis signo per reliquorum planetarum domicilia
                transeuntem, in sese tandem recipiat. Iouem vero consortem in dominio feci, quia is in loco
                coniunct: luminarium domicilium &amp; in angulo sequente triplicitatem, eandemque in Ascendente
                &amp; insuper terminum possidet. Ipse vero angulum sequentem proxime supra &#x2642; &amp; omnes alios
                eleuatus occupat. Adde quod &#x2643; horæ inæquali quæ est secunda post occasum Solis præest. Ex
                his iudico verni temporis constitutionem futuram temperatam, ad caliditatem tamen et siccitatem
                plurimum inclinatam, magna ex parte serenam, &amp; amenam, fructiferam, &amp; fœcundam, tum etiam
                salubrem, nisi quod aliqui forsan ob luminarium &#x260c; in sexta &amp; &#x2642; accedente ad sextam morbos
                febriles suspicabuntur orituros.</p>
            
                <pb ed="TBOO" n="I.78"/><pb ed="D" n="25v"/><figure/>
                <p>ET in hac æquinoctij constitutione dominium penes &#x2642; permanet, eo quod is in
                propria domo &amp; triplicitate Solisque gradu exaltationis constitutus in loco Lunæ
                triplicitatem &amp; insuper terminum habeat, &amp; Luna a &#x26b9; &#x2643; defluens proxime ipsius &#x25a1; applicat
                (non annumero quod carpentum in loco Solis obtineat, eo quod Sol semper in Ariete initium veris
                inchoat, neque magni facio quod in Ascendente carpentum soliumque possidet propter dubium veri
                æquinoctij momentum). Sed neque excludimus hoc etiam in loco &#x2643; a dominio, quod exaltationem in
                loco &#x263E; sibi arroget cum &#x26b9; aspectu, vt taceam triplicitatem terminumque, quem apud Solem obtinet.
                Ex hac constitutione iudicium, quod de aëris constitutione calida et ex parte sicca serenaque
                antea tulimus, plurimum roboratur, adeo vt ver ipsum æstatis naturam præ se ferre videatur;
                quia vero &#x2643; est in &#x26b9; &#x263F; longo, non deerunt flatus ventorum subinde irrumpentes. Morbi insuper
                capitis et febres denotantur, sed faciles.</p>
                
                <pb ed="TBOO" n="I.79"/><pb ed="D" n="26r"/><figure/>
                <p>DOMINIUM in hac æstiua præuentione est penes &#x2642; cum participatione &#x2644;. Mars enim
                cum ipso loco nouilunij partiliter vnitur, in eccliptica positus extra omnem latitudinem, vnde
                ante quatriduum a Sole ecclipsatus est; habet autem in loco connectionis terminum &amp; in angulo
                sequente triplicitatem, ac Antisciam intuentem &amp; in horoscopo insuper exaltationem, in cœli
                medio domicilium possidet. At &#x2644; iuxta apicem medij cœli constitutus supra omnes alios planetas
                eleuatur, dominusque est ascendentis signi &amp; in loco luminarium triplicitatem obtinet. Ex hoc
                cœli positu æstatem impetuosam, siccam, virulentam, tempestatibus tonitruis et fulgure sæpe
                incandescentem auguror, &#x2644; autem <app><lem resp="#TBOO">constitutio</lem><rdg><q>constituo</q></rdg></app> supra omnes alios in cœli culmine videtur calorem
                    minuere &amp; obscuritatem &amp; inamenam aëris qualitatem effundere, cum imbribus <app><lem>inportunis</lem><rdg><note>ex <q>oportunis</q> corr. D</note></rdg></app>
                &amp; nocentibus. Constitutio insuper luminarium in sexta cum &#x2642; morbos sicca virulentia feruentes
                &amp; populariter grassantes portendit hominibus, cum sint in signo humano. Atque hæc ex
                nouilunij constitutione, nunc ipsum solstitium audiamus.</p>
                
                <pb ed="TBOO" n="I.80"/><pb ed="D" n="26v"/><figure/>
            <p>SATURNUS Lunæ partiliter iunctus tempore huius solstitij æstiui magnam
                prærogatiuam in disponenda sibi aëris qualitate arrogat, Dominiumque vna cum Marte (veluti in
                præcedenti etiam nouilunio) inuadit. Mars enim in loco &#x263E; solium siue carpentum <app><lem resp="#TBOO">possidet</lem><rdg wit="#D"><q>possedit</q></rdg></app>, locumque
                &#x2644; disponit, &amp; &#x2609; ab ipsius corpore ad suam Antisciam intuentem proxime accedit. Etsi vero
                quantum &#x2644; quidem imperat, Æstatis legitimam constitutionem minuto calore obscuram,
                nubilam, &amp; turbulentam <app><lem resp="#TBOO">portendit</lem><rdg wit="#D"><q>protendit</q></rdg></app>, tamen &#x2642; nonnunquam æstum siccitatemque
                intendit. At quia &#x263F; coniunctus in ipsius domo prope pedes &#x264a;, Venere non longe remota, ipsis
                applicante inter tempestuosa Orionis &amp; Aurigæ sydera, tempestuosam &amp; furibundam ventorum
                rabiem, tempestates perniciosas, creberrima tonitrua, fulgura imbresque &amp; ignita aëris
                metheora, dirum fortasse Cometam, vel quicquam simile portendit, &#x2644; quoque eadem intendit.</p> 
                
                <pb ed="TBOO" n="I.81"/><pb ed="D" n="27r"/><figure/><p>IN hac Autumni præuentionali figura imperium penes &#x2642; est cum participe &#x2644;. Mars enim in angulo sequente domum &amp; triplicitatem habet in horoscopo terminum,
                    &amp; ipse solus est in angulo cum corde &#x264c;, de natura &#x2643; &amp; <app><lem>propria</lem><rdg><note>post <q>propria</q> add. <q>in angulo proprio</q> D, sed delevit</note></rdg></app>. Ipse quoque est dominus
                    horæ inæqualis. &#x2644; tam in loco &#x2609; quam &#x263E; terminum possidet &amp; altius est supra alios eleuatus,
                    Solemque et &#x263E; aspicit, hanc &#x25b3;, illum &#x26b9; aspectu; sunt autem inuicem &#x2644; et &#x2642; &#x25a1; radiatione
                configurati. Ex hac cœli constitutione tempus turbulentum, varium, et meo quidem iudicio ad
                siccitatem procliuius (<app><lem>nisi</lem><rdg><note>ex <q>mihi</q> corr. D</note></rdg></app> quantum &#x25a1; &#x2644; &amp; &#x2642; <app><lem>ad</lem><rdg><note>ex <q>in</q> corr. D</note></rdg></app> Pleiades impedire possit)
                    indicatur, quod ex &#x2642; sconstitutione in &#x264c; cum Regulo <app><lem resp="#TBOO">occidente</lem><rdg wit="#D"><q>occidens</q></rdg></app>, <app><lem>ascendente</lem><rdg><note>ex <q>antecedente</q> corr. D</note></rdg></app> &#x2650; signo
                triplicitatis igneæ principaliter <app><lem resp="#TBOO">iudico</lem><rdg wit="#D">indico</rdg></app>. Est etiam &#x263E; in mansione sicca. Ambiguum est tamen hoc
                <app><lem resp="#TBOO">iudicium</lem><rdg wit="#D">indicium</rdg></app>, eo quod neuter horum planetarum &#x2644; vel &#x2642; fortes in dominio obtineant significationes.
                Sed audiamus Æquinoctium.</p> 
                
                <pb ed="TBOO" n="I.82"/><pb ed="D" n="27v"/><figure/><p>&#x263F; et &#x2640; videntur Autumni gubernationem sibi arrogare, non
                    excluso &#x2643;; est enim &#x263F; proxime in angulo sequente ingressum &#x2609; in &#x264e; in ipso cœli culmine, in
                    eodem triplicitatem habens, &amp; Lunam opposito desuper intuetur radio, &#x2643; autem dominus
                    Ascendentis existit &amp; in locis luminarium triplicitatem habet, ac iuxta angulum <app><lem resp="#TBOO">occidentis</lem><rdg><note><q>occidentes</q> ex <q>ascendentes</q> corr. D [?]</note></rdg></app>
                collocatur stationarius, Veneris autem stella dominium anguli sequentis habet &amp; in ipso angulo
                fere partiliter collocatur, in cuius naturam Mercurius plurimum transit, cum sit in eius domo
                &amp; termino ipsique platice iunctus. Ex hac constitutione syderum iudico amenum &amp; suauem Autumni statum, nonnunquam serenum,
                nonnunquam humidum &amp; fœcundis pluuiis <app><lem wit="#D">madentem</lem><rdg><note>e correctione</note></rdg></app>, magna tamen ex parte calidum præter
                    consuetudinem, flatuosum etiam <app><lem>&amp;</lem><rdg><note>ex <q>in</q> corr. D</note></rdg></app> crebris ventis instabilitate quadam refertum, id ob &#x263F;
                dominium, qui in &#x25a1; radiatione ad Aquilam.</p>
                <pb ed="TBOO" n="I.83"/><pb ed="D" n="28r"/><figure/><!-- NB: Der er tekstkritik til disse skemaet! -->
                <pb ed="TBOO" n="I.84"/><pb ed="D" n="28v"/><figure/>
                <pb ed="TBOO" n="I.85"/><pb ed="D" n="29r"/><figure/>
                <pb ed="TBOO" n="I.86"/><pb ed="D" n="29v"/><figure/>
                <pb ed="TBOO" n="I.87"/><pb ed="D" n="30r"/><figure/>
                <pb ed="TBOO" n="I.88"/><pb ed="D" n="30v"/><figure/>
                <pb ed="TBOO" n="I.89"/><pb ed="D" n="31r"/><figure/>
                <pb ed="TBOO" n="I.90"/><pb ed="D" n="31v"/><figure/>
                <pb ed="TBOO" n="I.91"/><pb ed="D" n="32r"/><figure/>
                <pb ed="TBOO" n="I.92"/><pb ed="D" n="32v"/><figure/>
                <pb ed="TBOO" n="I.93"/><pb ed="D" n="33r"/><figure/>
                <pb ed="TBOO" n="I.94"/><pb ed="D" n="33v"/><figure/>
                <pb ed="TBOO" n="I.95"/><pb ed="D" n="34r"/><figure/>
                <pb ed="TBOO" n="I.96"/><pb ed="D" n="34v"/><figure/>
                <pb ed="TBOO" n="I.97"/><pb ed="D" n="35r"/><figure/>
                <pb ed="TBOO" n="I.98"/><pb ed="D" n="35v"/><figure/>
                <pb ed="TBOO" n="I.99"/><pb ed="D" n="36r"/><figure/>
                <pb ed="TBOO" n="I.100"/><pb ed="D" n="36v"/><figure/>
                <pb ed="TBOO" n="I.101"/><pb ed="D" n="37r"/><figure/>
                <pb ed="TBOO" n="I.102"/><pb ed="D" n="37v"/><figure/>
                <pb ed="TBOO" n="I.103"/><pb ed="D" n="38r"/><figure/>
                <pb ed="TBOO" n="I.104"/><pb ed="D" n="38v"/><figure/>
                <pb ed="TBOO" n="I.105"/><pb ed="D" n="39r"/><figure/>
                <pb ed="TBOO" n="I.106"/><pb ed="D" n="39v"/><figure/>
                <pb ed="TBOO" n="I.107"/><pb ed="D" n="40r"/><figure/>
                <pb ed="TBOO" n="I.108"/><pb ed="D" n="40v"/><figure/>
                <pb ed="TBOO" n="I.109"/><pb ed="D" n="41r"/><figure/>
                <pb ed="TBOO" n="I.110"/><pb ed="D" n="41v"/><figure/>
                <pb ed="TBOO" n="I.111"/><pb ed="D" n="42r"/><figure/>
                <pb ed="TBOO" n="I.112"/><pb ed="D" n="42v"/><figure/>
                <pb ed="TBOO" n="I.113"/><pb ed="D" n="43r"/><figure/>
                <pb ed="TBOO" n="I.114"/><pb ed="D" n="43v"/><figure/>
                <pb ed="TBOO" n="I.115"/><pb ed="D" n="44r"/><figure/>
                <pb ed="TBOO" n="I.116"/><pb ed="D" n="44v"/><figure/>
                <pb ed="TBOO" n="I.117"/><pb ed="D" n="45r"/><figure/>
                <pb ed="TBOO" n="I.118"/><pb ed="D" n="45v"/><figure/>
                <pb ed="TBOO" n="I.119"/><pb ed="D" n="46r"/><figure/>
                <pb ed="TBOO" n="I.120"/><pb ed="D" n="46v"/><figure/>
                <pb ed="TBOO" n="I.121"/><pb ed="D" n="47r"/><figure/>
                <pb ed="TBOO" n="I.122"/><pb ed="D" n="47v"/><figure/>
                <pb ed="TBOO" n="I.123"/><pb ed="D" n="48r"/><figure/>
                <pb ed="TBOO" n="I.124"/><pb ed="D" n="48v"/><figure/>
                <pb ed="TBOO" n="I.125"/><pb ed="D" n="49r"/><figure/>
                <pb ed="TBOO" n="I.126"/><pb ed="D" n="49v"/><figure/>
                <pb ed="TBOO" n="I.127"/><pb ed="D" n="50r"/><figure/>
                <pb ed="TBOO" n="I.128"/><pb ed="D" n="50v"/><figure/>
                <pb ed="TBOO" n="I.129"/><pb ed="D" n="51r"/><figure/>
                <pb ed="TBOO" n="I.130"/><pb ed="D" n="51v"/><figure/>
            </div>
        </body>
    </text>
</TEI>
