<?xml version="1.0" encoding="UTF-8"?>

<TEI xmlns="http://www.tei-c.org/ns/1.0">
    <teiHeader>
        <fileDesc>
            <titleStmt>
                <title>Epitaphium filiæ Kirstinæ</title>
                <author>Tycho Brahe</author>
                <editor>
                    <name xml:id="pz">
                        <persName>
                            <forename type="first">Peter</forename>
                            <surname>Zeeberg</surname>
                        </persName>
                    </name>
                </editor>
                <funder>Carlsbergfondet</funder>
            </titleStmt>
            <editionStmt>
                <edition/>
            </editionStmt>
            <publicationStmt>
                <publisher>
                    <ref target="https://dsl.dk">Det Danske Sprog- og Litteraturselskab</ref>
                </publisher>
                <pubPlace>København</pubPlace>
                <date>2019</date>
                <idno>nil</idno>
                <idno type="isbn">nil</idno>
                <availability status="restricted">
                    <ab>Copyright © 2019, Danske Sprog- og Litteraturselskab</ab>
                </availability>
            </publicationStmt>
            <sourceDesc>
                <listWit>
                    <witness xml:id="A">
                            <bibl>Laurentius Asserous [Bertel Knudsen Aquilonius], <title>Inscriptionum Selandicarum Daniæ Antigrapha</title>, Hauniæ 1621, fol. I</bibl>
                        </witness>
                            <!--<physDesc>
                                <objectDesc>
                                    <supportDesc material="paper">
                                        <support>
                                            <ab/>
                                        </support>
                                        <extent>
                                            <dimensions unit="cm">
                                                <height>0</height>
                                                <width>0</width>
                                            </dimensions>
                                        </extent>
                                        <condition>
                                            <ab/>
                                        </condition>
                                    </supportDesc>
                                    <layoutDesc>
                                        <ab/>
                                    </layoutDesc>
                                </objectDesc>
                                <handDesc> <handNote> <ab>empty</ab> </handNote> </handDesc> <additions> <ab>empty</ab> </additions> <sealDesc> <seal> <ab>empty</ab> </seal> </sealDesc><history>
                                <ab></ab>
                            </history>-->
                    <witness xml:id="TBOO">
                        <bibl><title>Tychonis Brahe Dani Opera Omnia</title>, ed. I.L.E. Dreyer, Tom. IX, Hauniæ 1927, p. 174-175</bibl></witness>
                </listWit>
                <listBibl>
                    <bibl>empty</bibl>
                </listBibl>
            </sourceDesc>
        </fileDesc>
        <profileDesc>
            <creation><date>1576</date></creation>
            <langUsage>
                <language ident="la" />
            </langUsage>
            <textClass>
                <keywords>
                    <term>poesi</term>
                </keywords>
            </textClass>
            <abstract>
                <ab>nil</ab>
            </abstract>
        </profileDesc>
        <revisionDesc>
            <change when="2019-02-01" who="#pz">Filen etableret</change>
            <change when="2019-02-11" who="#pz">tekst importeret</change>     
            <change when="2019-02-22" who="#pz">tekst korrekturlæst efter TBOO</change>
        </revisionDesc>
    </teiHeader>
    <text>
        <front/>
        <body><div type="inscription"><pb ed="TBOO" n="IX.174-175"/><pb ed="A" n="1"/>
            <head>EPITAPHIUM QUOD IN TEMPLO HELSINGBURGENSI SUSPENSUM LEGITUR.</head>
            <lg><l>EXUVIAS abiens tulit huc KIRSTINA tenellas,</l>
                <l rend="indent">Quæ BRAHÆI olim Nata TYCHONIS erat.</l>
                <l>Illa quidem modicum mundi fuit incola tempus:</l>
                <l rend="indent">Interea modicis non tamen aucta bonis.</l>
                <l n="5">Ingenio sexum superavit, moribus annos,</l>
                <l rend="indent">Eloquij grata dexteritate pares.</l>
                <l>Ergo hanc quæ dederat subito Natura recepit,</l>
                <l rend="indent">Consuetis maius ne quid adulta foret.</l>
                <l>Vivit at illa tamen, Naturæ obstacula vicit:</l>
                <l rend="indent" n="10">Pro modico æternum tempore tempus habet,</l>
                <l>Æthereisque potita bonis mortalia temnit:</l>
                <l rend="indent">Per CHRISTUM Civis legitimata Poli.</l>
              </lg>
                <p>Obijt Peste Anno Domini MDLXXVI Septembris die XXIV. Vixit
                Annos II menses XI dies XI horas XI.</p>
                <p rend="indent">MORS quo citior, dulcior, quo serior, amarior. KIRSTINÆ dulciss.
                filiolæ naturali præter ætatem industriæ et moratæ Pater F. et P.</p>
        </div>
        </body>
    </text>
</TEI>
