<?xml version="1.0" encoding="UTF-8"?>

<TEI xmlns="http://www.tei-c.org/ns/1.0">
    <teiHeader>
        <fileDesc>
            <titleStmt>
                <title>Til en tvilling</title>
                <author>Tycho Brahe</author>
                <editor role="translator">
                    <name xml:id="pz">
                        <persName>
                            <forename type="first">Peter</forename>
                            <surname>Zeeberg</surname>
                        </persName>
                    </name>
                </editor>
                <funder>Carlsbergfondet</funder>
            </titleStmt>
            <editionStmt>
                <edition/>
            </editionStmt>
            <publicationStmt>
                <publisher>
                    <ref target="https://dsl.dk">Det Danske Sprog- og Litteraturselskab</ref>
                </publisher>
                <pubPlace>København</pubPlace>
                <date>2019</date>
                <idno>nil</idno>
                <idno type="isbn">nil</idno>
                <availability status="restricted">
                    <ab>Copyright © 2019, Danske Sprog- og Litteraturselskab</ab>
                </availability>
            </publicationStmt>
            <sourceDesc>
                <!--<listWit>
                    <witness xml:id="A">
                        <bibl>Tycho Brahe, <title>D.O.M.S.</title>, Hauniæ 1572</bibl>
                    </witness>
                            <physDesc>
                                <objectDesc>
                                    <supportDesc material="paper">
                                        <support>
                                            <ab/>
                                        </support>
                                        <extent>
                                            <dimensions unit="cm">
                                                <height>0</height>
                                                <width>0</width>
                                            </dimensions>
                                        </extent>
                                        <condition>
                                            <ab/>
                                        </condition>
                                    </supportDesc>
                                    <layoutDesc>
                                        <ab/>
                                    </layoutDesc>
                                </objectDesc>
                                <handDesc> <handNote> <ab>empty</ab> </handNote> </handDesc> <additions> <ab>empty</ab> </additions> <sealDesc> <seal> <ab>empty</ab> </seal> </sealDesc><history>
                                <ab></ab>
                            </history>
                    <witness xml:id="TBOO">
                        <bibl><title>Tychonis Brahe Dani Opera Omnia</title>, ed. I.L.E. Dreyer, Tom. IX, Hauniæ 1927, p. 173</bibl></witness>
                </listWit>-->
                <listBibl>
                    <bibl>empty</bibl>
                </listBibl>
            </sourceDesc>
        </fileDesc>
        <profileDesc>
            <creation><date>1572</date></creation>
            <langUsage>
                <language ident="la" />
            </langUsage>
            <textClass>
                <keywords>
                    <term>poesi</term>
                </keywords>
            </textClass>
            <abstract>
                <ab>nil</ab>
            </abstract>
        </profileDesc>
        <revisionDesc>
            <change when="2019-02-21" who="#pz">Filen etableret</change>
            <change when="2019-02-22" who="#pz">kolofonen indsat</change>
        </revisionDesc>
    </teiHeader>
    <text>
        <front/>
        <body><div type="poem"><pb ed="TBOO" n="IX.173"/><pb ed="A" n="1"/>
            <head>Helliget den højeste Gud.</head>
            <lg><l>Jeg der, før jeg fik liv, gik bort og fik livet tilbage,</l>
                <l rend="indent">har her fået min grav – gætter du hvem jeg mon er?</l>
                <l>Født var jeg ikke endnu, lå stadig i livet hos moder</l>
                <l rend="indent">dengang døden for mig åbned en dør til mit liv.</l>
                <l n="5">Dengang var der en anden der lå i selv samme livmor.</l>
                <l rend="indent">Det var min bror, som i dag lever – en tvilling til mig.</l>
                <l>Han fik lov af Gud til at se alle jordens mirakler,</l>
                <l rend="indent">Gud lod ham leve sit liv og blive ældre end mig.</l>
                <l>Dog, i forhold til hans er min ingen ringere skæbne,</l>
                <l rend="indent" n="10">han har på jorden sit liv, mig ejer Himmelen nu.</l>
                <l>Han har på jorden sit liv, er udsat for tusinde farer,</l>
                <l rend="indent">farer fra hav og fra land, farer fra Himmelen selv.</l>
                <l>Mig ejer Himmelen nu, hvor jeg i forening med guder</l>
                <l rend="indent">nyder den evige fred, nyder den evige fryd.</l>
                <l n="15">Men når engang også han forlader sit jordiske hylster,</l>
                <l rend="indent">lader sin mødige krop bag sig i jorden så kold,</l>
                <l>da vil vi begge igen forenes heroppe i Himlen,</l>
                <l rend="indent">da vil til sidst også han vinde det evige liv.</l>
                <l>CIndtil da bær’ han tålmodigt sit legemes byrde,</l>
                <l rend="indent" n="20">bør ikke misunde mig, ønske den skæbne jeg fik.</l>
                <l>Døden der ramte så brat, lod mig aldrig få navn blandt de fødte</l>
                <l rend="indent"><hi rend="it">han</hi> har arvet det navn som vores bedstefar bar.</l>
                <l>Tyge var bedstefars navn, så Tyge kom <hi rend="it">han</hi> til at hedde.</l>
                <l rend="indent">Brahe blev bedstefar kaldt, derfor er Brahe hans navn.</l>
                <l n="25">Det var ham der skrev dette digt for at ære mit minde</l>
                <l rend="indent">efter at fem gange fem år var forbi af hans liv.</l></lg>
            <closer rend="center">Sat til ære for en dødfødt tvillingebror
                <lb/>Af Tycho Brahe Ottesen.</closer></div>
            <div type="colophon"><p rend="center">Trykt i København af Mads Vingaard, 1572.</p></div>
        </body>
    </text>
</TEI>
