<?xml version="1.0" encoding="UTF-8"?>

<TEI xmlns="http://www.tei-c.org/ns/1.0">
    <teiHeader>
        <fileDesc>
            <titleStmt>
                <title>Fratri gemello</title>
                <author>Tycho Brahe</author>
                <editor>
                    <name xml:id="pz">
                        <persName>
                            <forename type="first">Peter</forename>
                            <surname>Zeeberg</surname>
                        </persName>
                    </name>
                </editor>
                <funder>Carlsbergfondet</funder>
            </titleStmt>
            <editionStmt>
                <edition/>
            </editionStmt>
            <publicationStmt>
                <publisher>
                    <ref target="https://dsl.dk">Det Danske Sprog- og Litteraturselskab</ref>
                </publisher>
                <pubPlace>København</pubPlace>
                <date>2019</date>
                <idno>nil</idno>
                <idno type="isbn">nil</idno>
                <availability status="restricted">
                    <ab>Copyright © 2019, Danske Sprog- og Litteraturselskab</ab>
                </availability>
            </publicationStmt>
            <sourceDesc>
                <listWit>
                    <witness xml:id="A">
                        <bibl>Tycho Brahe, <title>D.O.M.S.</title>, Hauniæ 1572</bibl>
                    </witness>
                            <!--<physDesc>
                                <objectDesc>
                                    <supportDesc material="paper">
                                        <support>
                                            <ab/>
                                        </support>
                                        <extent>
                                            <dimensions unit="cm">
                                                <height>0</height>
                                                <width>0</width>
                                            </dimensions>
                                        </extent>
                                        <condition>
                                            <ab/>
                                        </condition>
                                    </supportDesc>
                                    <layoutDesc>
                                        <ab/>
                                    </layoutDesc>
                                </objectDesc>
                                <handDesc> <handNote> <ab>empty</ab> </handNote> </handDesc> <additions> <ab>empty</ab> </additions> <sealDesc> <seal> <ab>empty</ab> </seal> </sealDesc><history>
                                <ab></ab>
                            </history>-->
                    <witness xml:id="TBOO">
                        <bibl><title>Tychonis Brahe Dani Opera Omnia</title>, ed. I.L.E. Dreyer, Tom. IX, Hauniæ 1927, p. 173</bibl></witness>
                </listWit>
                <listBibl>
                    <bibl>empty</bibl>
                </listBibl>
            </sourceDesc>
        </fileDesc>
        <profileDesc>
            <creation><date>1572</date></creation>
            <langUsage>
                <language ident="la" />
            </langUsage>
            <textClass>
                <keywords>
                    <term>poesi</term>
                </keywords>
            </textClass>
            <abstract>
                <ab>nil</ab>
            </abstract>
        </profileDesc> 
        <revisionDesc>
            <change when="2019-02-01" who="#pz">Filen etableret</change>
            <change when="2019-02-11" who="#pz">tekst importeret.</change>
            <change when="2019-02-22" who="#pz"> Korrekturlæst efter A. Kolofon indsat fra A.</change>
        </revisionDesc>
    </teiHeader>
    <text>
        <front/>
        <body><div type="poem"><pb ed="TBOO" n="IX.173"/><pb ed="A" n="1"/>
            <head>D.O.M.S</head>
            <lg><l>QVI prius ac vixi sum mortuus atque reuixi,</l>
                <l rend="indent">Hac tumulor Terra: Conijce qualis eram?</l>
                <l>Natus adhuc nondum, matris claudebar in aluo,</l>
                <l rend="indent">Cum mihi Mors vitæ ianua facta fuit.</l>
                <l n="5">Tunc simul alter erat claustris sociatus eisdem,</l>
                <l rend="indent">Frater adhuc viuus, namque gemellus eram.</l>
                <l>Huic Deus, vt Cœli et Terræ miranda videret,</l>
                <l rend="indent">Concessit vita me seniore frui.</l>
                <l>Sum tamen haud illo peiori sorte potitus,</l>
                <l rend="indent" n="10">Incolit hic terras, me sed Olympus habet.</l>
                <l>Incolit hic terras, expostus mille periclis,</l>
                <l rend="indent">Quæ Mare, quæ Tellus, quæ simul Astra ferunt.</l>
                <l>Me sed Olympus habet, quo Dijs coniunctus in vnum</l>
                <l rend="indent">Pace per æternum lætitiaque fruor.</l>
                <l n="15">Ast vbi mortales tandem is quoque deserat artus</l>
                <l rend="indent">Fessaque sub gelida membra reponat humo,</l>
                <l>Tunc ambo in Cœlis rursus iungem ur in vnum,</l>
                <l rend="indent">Æterni compos fiet et ille boni.</l>
                <l>Corporis interea patienter pondera gestet,</l>
                <l rend="indent" n="20">Fortunæ nec sit inuidus ille meæ.</l>
                <l>Nomen apud viuos mihi tam cita fata negabant,</l>
                <l rend="indent">Ille refert nostri nomine nomen Aui.</l>
                <l>Nomen Auo fuerat Thyco, hinc illi quoque Thyco,</l>
                <l rend="indent">Huic Brahe Cognomen, dictus et inde Brahe.</l>
                <l n="25">Ipse est qui nostros decorauit carmine Manes,</l>
                <l rend="indent">Lustra gerens vitæ quina peracta suæ.</l></lg>
            <closer rend="center">FRATRI GEMELLO, MORTVO IN VTERO, THYCO BRAHE OTTONIS F. F.</closer></div>
                <div type="colophon"><p rend="center">Haffniæ apud Matthiam Vinitorem, 1572.</p></div>
        </body>
    </text>
</TEI>
