<?xml version="1.0" encoding="UTF-8"?>

<TEI xmlns="http://www.tei-c.org/ns/1.0">
    <teiHeader>
        <fileDesc>
            <titleStmt>
                <title>Fundamentalis Uraniburgi lapis</title>
                <author>Tycho Brahe</author>
                <editor>
                    <name xml:id="pz">
                        <persName>
                            <forename type="first">Peter</forename>
                            <surname>Zeeberg</surname>
                        </persName>
                    </name>
                </editor>
                <funder>Carlsbergfondet</funder>
            </titleStmt>
            <editionStmt>
                <edition/>
            </editionStmt>
            <publicationStmt>
                <publisher>
                    <ref target="https://dsl.dk">Det Danske Sprog- og Litteraturselskab</ref>
                </publisher>
                <pubPlace>København</pubPlace>
                <date>2019</date>
                <idno>nil</idno>
                <idno type="isbn">nil</idno>
                <availability status="restricted">
                    <ab>Copyright © 2019, Danske Sprog- og Litteraturselskab</ab>
                </availability>
            </publicationStmt>
            <sourceDesc>
                <listWit>
                        <witness xml:id="Gass">
                            <bibl>Pierre Gassendi, <title>Tychonis Brahei vita</title>, Paris 1654, p. 300</bibl>
                        </witness>
                            <witness xml:id="Resen">
                                <bibl>P.J. Resen, <title>Inscriptiones Haffnienses</title>, Hauniæ 1668, p. 331 sq.</bibl>
                            </witness>
                    <witness xml:id="TBOO">
                        <bibl><title>Tychonis Brahe Dani Opera Omnia</title>, ed. I.L.E. Dreyer, Tom. IX, Hauniæ 1927, p. 175</bibl></witness>
                </listWit>
                <listBibl>
                    <bibl>empty</bibl>
                </listBibl>
            </sourceDesc>
        </fileDesc>
        <profileDesc>
            <creation><date>1576</date></creation>
            <langUsage>
                <language ident="la" />
            </langUsage>
            <textClass>
                <keywords>
                    <term>poesi</term>
                    <term>inskription</term>
                </keywords>
            </textClass>
            <abstract>
                <ab>nil</ab>
            </abstract>
        </profileDesc>
        <revisionDesc>
            <change when="2019-02-01" who="#pz">Filen etableret</change>
            <change when="2019-02-11" who="#pz">tekst importeret</change>
        </revisionDesc>
    </teiHeader>
    <text>
        <front/>
        <body><div><pb ed="TBOO" n="IX.175"/><pb ed="A" n="1"/>
            <head>FUNDAMENTALI URANIBURGI LAPIDI HÆC FUERE INSCULPTA.</head>
            <lg>
                <l>TEMPORE quo regnum qui nomine reque secundus</l>
                <l rend="indent">Danorum imperio rex Fridericus habet,</l>
                <l><app><lem wit="TBOO">Carolus</lem><rdg wit="Gass Resen"></rdg></app> ad Danos Galli legatio regis</l>
                <l rend="indent"><app><lem wit="Gass">Danzæus, patria cui est Aquitane solum</lem><rdg wit="Resen">Danzæus, quem orbis terra Aquitata tulit</rdg></app>,</l>
                <l n="5">Huic domui, Uraniæ et Sophiæ quam Tycho Brahorum</l>
                <l rend="indent">Clara stirpe satus, rege jubente, struit,</l>
                <l>Hunc lapidem auspicio felici, utque omne per ævum</l>
                <l rend="indent">Augusti id memoret lux modo sexta, locat.</l>
            </lg>
            <p></p>
        </div>
        </body>
    </text>
</TEI>
