<?xml version="1.0" encoding="UTF-8"?>

<TEI xmlns="http://www.tei-c.org/ns/1.0">
    <teiHeader>
        <fileDesc>
            <titleStmt>
                <title>In librum Tychonis Brahei de Mechanicis astronomiæ</title>
                <author>Tycho Brahe</author>
                <editor>
                    <name xml:id="pz">
                        <persName>
                            <forename type="first">Peter</forename>
                            <surname>Zeeberg</surname>
                        </persName>
                    </name>
                </editor>
                <funder>Carlsbergfondet</funder>
            </titleStmt>
            <editionStmt>
                <edition/>
            </editionStmt>
            <publicationStmt>
                <publisher>
                    <ref target="https://dsl.dk">Det Danske Sprog- og Litteraturselskab</ref>
                </publisher>
                <pubPlace>København</pubPlace>
                <date>2019</date>
                <idno>nil</idno>
                <idno type="isbn">nil</idno>
                <availability status="restricted">
                    <ab>Copyright © 2019, Danske Sprog- og Litteraturselskab</ab>
                </availability>
            </publicationStmt>
            <sourceDesc>
                <listWit>
                        <witness xml:id="A">
                    <msDesc>
                        <msIdentifier>
                            <settlement>Wien</settlement>
                            <repository>Österreichische Staatsbibliothek</repository>
                            <collection>empty</collection>
                            <idno>cod. Vindob. lat. 10686.6</idno>
                            <msName>empty</msName>
                        </msIdentifier>
                    </msDesc>
                    </witness>
                    <witness xml:id="Mechanica">
                        <bibl>Hand-written in several copies of Brahe's <title>Astronomiae instauratae Mechanica</title> Wandsburg 1598</bibl></witness>
                    <witness xml:id="Gass">
                        <bibl>Pierre Gassendi, <title>Tychonis Brahei vita</title> Paris 1654</bibl></witness>
                    <witness xml:id="TBOO">
                        <bibl><title>Tychonis Brahe Dani Opera Omnia</title>, ed. I.L.E. Dreyer, Tom. IX, Hauniæ 1927, p. 211</bibl></witness>
                </listWit>
                <listBibl>
                    <bibl>empty</bibl>
                </listBibl>
            </sourceDesc>
        </fileDesc>
        <profileDesc>
            <creation><date>1598</date></creation>
            <langUsage>
                <language ident="la" />
            </langUsage>
            <textClass>
                <keywords>
                    <term>poesi</term>
                </keywords>
            </textClass>
            <abstract>
                <ab>nil</ab>
            </abstract>
        </profileDesc>
        <revisionDesc>
            <change when="2019-02-02" who="#pz">Filen etableret</change>
        </revisionDesc>
    </teiHeader>
    <text>
        <front/>
        <body>
            <div>
                <pb ed="TBOO" n="IX.211"/>
                <pb ed="A" n="11v"/>
                <head>IN LIBRO TYCHONIS BRAHEI DE MAECHANICIS ASTRONOMIÆ.</head>
                <lg>
                    <l><app><lem wit="A">ACCIPE clementi, Cæsar Germanice, vultu</lem><rdg><note>in aliquot exemplis Mechanicorum variatum, scil.: <q>Accipe clementi, Princeps Wolfgange, favore</q> (in exemplo archiepiscopo Salzburgensi donato, vid. Gass p. 175); <q>Accipe, Grimani, cœlata et picta colore</q> (in exemplo Oxoniensi duci Venetorum donato); <q>Accipe, Dux Henrice, et sculpta et picta colore</q> (in exemplo Gottingensi, Henrico Julio duci donato); <q>Accipe clementi, Princeps fortissime, vultu</q> (in exemplo Vindobonensi Matthiae archiduci donato); <q>Accipe, Scaligerum decus immortale Josephe</q> (in exemplo Leidensi Josepho Scaligero donato</note></rdg></app></l>
                    <l rend="indent">Organa sidereas apta notare vias.</l>
                    <l>His ter septenos lustravimus Astra per Annos</l>
                    <l rend="indent">Sustinuit tantum donec Huenna decus.</l>
                    <l n="5">Ast ubi tam grandes ea parvula ferre triumphos</l>
                    <l rend="indent">Amplius haud valuit, Fataque versa retro,</l>
                    <l>Provita diva Poli, cernens instare ruinam,</l>
                    <l rend="indent">Transtulit hæc alio, quo mage tuta forent,</l>
                    <l>Indignum reputans sua sacra perire sub Arcto,</l>
                    <l rend="indent" n="10">Qualia vix alibi splendidus Auaster habet.</l>
                    <app><lem><l><app><lem>Ergo</lem><rdg><note><q>Quare</q> exempla Gottingense et Oxoniense</note></rdg></app> ea Teuthoniæ nunc consecratque dicatque,</l>
                    <l rend="indent">Ætheream excipiat si modo grata Deam:</l>
                        <l>Sin minus, <app><lem>hospitium Uraniæ</lem><rdg><note><q>Uraniæ hospitium</q> exempla Gottingense et Oxoniense</note></rdg></app> late patet: Orbem</l>
                    <l rend="indent">Quæ capit, excludi quomodo ab Orbe queat?</l></lem><rdg><note>hi versus deleti sunt in A, at in margine hæc adidit ipse Tycho: <q>Ergo ea Cæsaribus nunc consecratque dicatque / Fulta sub auspicijs, magne Rudolphe, tuis</q>; atque eadem præbet Gassendus (qui tamen <q>ea</q> om.)</note></rdg></app>
                </lg>
            </div>
        </body>
    </text>
</TEI>
