<?xml version="1.0" encoding="UTF-8"?>

<TEI xmlns="http://www.tei-c.org/ns/1.0">
    <teiHeader>
        <fileDesc>
            <titleStmt>
                <title>In Nicolai Cragii Rempublicam Lacedæmoniorum</title>
                <author>Tycho Brahe</author>
                <editor>
                    <name xml:id="pz">
                        <persName>
                            <forename type="first">Peter</forename>
                            <surname>Zeeberg</surname>
                        </persName>
                    </name>
                </editor>
                <funder>Carlsbergfondet</funder>
            </titleStmt>
            <editionStmt>
                <edition/>
            </editionStmt>
            <publicationStmt>
                <publisher>
                    <ref target="https://dsl.dk">Det Danske Sprog- og Litteraturselskab</ref>
                </publisher>
                <pubPlace>København</pubPlace>
                <date>2019</date>
                <idno>nil</idno>
                <idno type="isbn">nil</idno>
                <availability status="restricted">
                    <ab>Copyright © 2019, Danske Sprog- og Litteraturselskab</ab>
                </availability>
            </publicationStmt>
            <sourceDesc>
                <listWit>
                    <witness xml:id="A">
                        <msDesc>
                            <msIdentifier>
                                <settlement>København</settlement>
                                <repository>Det Kongelige Bibliotek</repository>
                                <collection>Langebeks excerpter </collection>
                                <idno>178</idno>
                                <msName>empty</msName>
                            </msIdentifier>
                        </msDesc>
                    </witness>
                    <witness xml:id="TBOO">
                        <bibl><title>Tychonis Brahe Dani Opera Omnia</title>, ed. I.L.E. Dreyer,
                            Tom. IX, Hauniæ 1927, p. 193</bibl></witness>
                </listWit>
                <listBibl>
                    <bibl>empty</bibl>
                </listBibl>
            </sourceDesc>
        </fileDesc>
        <profileDesc>
            <creation><date>1593 (c.)</date></creation>
            <langUsage>
                <language ident="la"/>
            </langUsage>
            <textClass>
                <keywords>
                    <term>poesi</term>
                </keywords>
            </textClass>
            <abstract>
                <ab>nil</ab>
            </abstract>
        </profileDesc>
        <revisionDesc>
            <change when="2019-02-02" who="#pz">Filen etableret</change>
            <change when="2019-03-01" who="#pz">tekst indlagt og korrekturlæst</change>
            <change when="2019-06-27" who="#pz">tekstkritik indsat</change>
        </revisionDesc>
    </teiHeader>
    <text>
        <front/>
        <body>
            <div>
                <pb ed="TBOO" n="IX.193"/>
                <head>IN NIC. CRAGII REMPUBLICAM LACEDÆMONIORUM.</head>
                <lg>
                    <l>CUR antiqua adeo, cur tempore dissita et orbe </l>
                    <l rend="indent">Nunc Lacedæmoniων, Cragie, <app><lem>facta</lem><rdg><note><q>facta</q> super <q>jura</q> scriptum est in A</note></rdg></app> novas? </l>
                    <l>Et cur non potius patriæ mage cognita gesta,</l>
                    <l rend="indent">Vel quam nunc habitas, urbis aperta facis? </l>
                    <l>Tutius est forsan Veterum monumenta referre;</l>
                    <l rend="indent">Nostra ut scire juvat, sic memorare nocet.</l>
                </lg>
            </div>
        </body>
    </text>
</TEI>
