<?xml version="1.0" encoding="UTF-8"?>

<TEI xmlns="http://www.tei-c.org/ns/1.0">
    <teiHeader>
        <fileDesc>
            <titleStmt>
                <title>nil</title>
                <author>Tycho Brahe</author>
                <editor>
                    <name xml:id="pz">
                        <persName>
                            <forename type="first">Peter</forename>
                            <surname>Zeeberg</surname>
                        </persName>
                    </name>
                </editor>
                <funder>Carlsbergfondet</funder>
            </titleStmt>
            <editionStmt>
                <edition/>
            </editionStmt>
            <publicationStmt>
                <publisher>
                    <ref target="https://dsl.dk">Det Danske Sprog- og Litteraturselskab</ref>
                </publisher>
                <pubPlace>København</pubPlace>
                <date>2019</date>
                <idno>nil</idno>
                <idno type="isbn">nil</idno>
                <availability status="restricted">
                    <ab>Copyright © 2019, Danske Sprog- og Litteraturselskab</ab>
                </availability>
            </publicationStmt>
            <sourceDesc>
                <listWit>
                    <!-- <witness xml:id="A">
                        <bibl></bibl>
                    </witness> -->
                    <witness xml:id="TBOO">
                        <bibl><title>Tychonis Brahe Dani Opera Omnia</title>, ed. I.L.E. Dreyer, Tom. VI, Hauniæ 1919, p. 368-69</bibl>
                    </witness>
                </listWit>
                <listBibl>
                    <bibl>empty</bibl>
                </listBibl>
            </sourceDesc>
        </fileDesc>
        <profileDesc>
            <creation><date>unknown</date></creation>
            <langUsage>
                <language ident="la" />
            </langUsage>
            <textClass>
                <keywords>
                    <term>inskription</term>
                </keywords>
            </textClass>
            <abstract>
                <ab>nil</ab>
            </abstract>
        </profileDesc>
        <revisionDesc>
            <change when="2019-03-12" who="#pz">Filen etableret</change>
        </revisionDesc>
    </teiHeader>
    <text>
        <front/>
        <body><pb ed="TBOO" n="VI.368"/>
            <div>
            <head>In Museo</head>
                <p>NON HABERI, SED ESSE.</p>
            </div>
            <div>
                <head>Sub Baccho.</head>
                <p>STULTITIA IN VINIS, FERVOR IN IGNE FURIT. </p>
            </div>
            <div>
                <head>Sub Sole aureo.</head>
                <p>CALOR ET COLOR OMNIA PANDIT</p>
            </div>
            <div>
                <head>Dictum Platonis.</head>
                <p>UNUM EST NATURÆ VINCULUM, DOCTRINA NUMERORUM FIGURARUM ET MOTUUM CŒLESTIUM.</p>
            </div>
            <div>
                <head>d fornacem.</head>
                <p>IN MVNDO CALLET CALLIDVS CALET IMMVNDO. </p>
            </div>
            <div>
                <head>Circum speculum opticum.</head>
                <p>EXTERIORA PATENT, INFERIORA LATENT.</p>
            </div>
            <div>
                <head>Supra Januam Hypocausti.</head>
                <p>DOMI LATERE/CONSPICI &#x2013; CONSPICI/LATERE FORIS</p><!-- NB: kan det konstrueres som det står i TBOO? -->
            </div>
            <div>
                <head>Supra tectum in quatuor anni tempora.</head>
                <lg><head rend="center">VER</head><l>VER, IUVENIS TEPET ET VARIIS SE FLORIBUS ORNAT </l></lg>
                <lg><head rend="center">ÆSTAS</head><l>ÆSTAS, VIR TORRET, FRUGES PRATUMQUE RESCINDIT </l></lg>
                <lg><head rend="center">AUTUMNUS</head><l>AUTUMNUS SENIOR MADET ET SIBI CONGREGAT INTRO </l></lg>
                <lg><head rend="center">HYEMS</head><l>BRUMAQUE DECREPITUS FRIGET PARCITQUE POTITIS. </l></lg>
            </div>
            <div>
                <head>In ambitum Horologii.</head>
                <lg><l>ME TYCHO BRAHORUM SOBOLES, TESTARER UT HORAS,</l> 
                    <l rend="indent">IMPOSUIT CELSIS ÆDIBUS URANIÆ.</l></lg>
            </div>
        </body>
    </text>
</TEI>
