<?xml version="1.0" encoding="UTF-8"?>

<TEI xmlns="http://www.tei-c.org/ns/1.0">
    <teiHeader>
        <fileDesc>
            <titleStmt>
                <title>Iudicis est æqui</title>
                <author>Tycho Brahe</author>
                <editor>
                    <name xml:id="pz">
                        <persName>
                            <forename type="first">Peter</forename>
                            <surname>Zeeberg</surname>
                        </persName>
                    </name>
                </editor>
                <funder>Carlsbergfondet</funder>
            </titleStmt>
            <editionStmt>
                <edition/>
            </editionStmt>
            <publicationStmt>
                <publisher>
                    <ref target="https://dsl.dk">Det Danske Sprog- og Litteraturselskab</ref>
                </publisher>
                <pubPlace>København</pubPlace>
                <date>2019</date>
                <idno>nil</idno>
                <idno type="isbn">nil</idno>
                <availability status="restricted">
                    <ab>Copyright © 2019, Danske Sprog- og Litteraturselskab</ab>
                </availability>
            </publicationStmt>
            <sourceDesc>
                <listWit>
                    <witness xml:id="A">
                        <msDesc>
                            <msIdentifier>
                                <settlement>København</settlement>
                                <repository>Det Kongelige Bibliotek</repository>
                                <collection>Langebeks excerpter </collection>
                                <idno>179</idno>
                                <msName>empty</msName>
                            </msIdentifier>
                        </msDesc>
                    </witness>
                    <!--<physDesc>
                                <objectDesc>
                                    <supportDesc material="paper">
                                        <support>
                                            <ab/>
                                        </support>
                                        <extent>
                                            <dimensions unit="cm">
                                                <height>0</height>
                                                <width>0</width>
                                            </dimensions>
                                        </extent>
                                        <condition>
                                            <ab/>
                                        </condition>
                                    </supportDesc>
                                    <layoutDesc>
                                        <ab/>
                                    </layoutDesc>
                                </objectDesc>
                                <handDesc> <handNote> <ab>empty</ab> </handNote> </handDesc> <additions> <ab>empty</ab> </additions> <sealDesc> <seal> <ab>empty</ab> </seal> </sealDesc><history>
                                <ab></ab>
                            </history>-->
                    <witness xml:id="TBOO">
                        <bibl><title>Tychonis Brahe Dani Opera Omnia</title>, ed. I.L.E. Dreyer,
                            Tom. IX, Hauniæ 1927, p. 192</bibl></witness>
                </listWit>
                <listBibl>
                    <bibl>empty</bibl>
                </listBibl>
            </sourceDesc>
        </fileDesc>
        <profileDesc>
            <creation><date>1588</date></creation>
            <langUsage>
                <language ident="la"/>
            </langUsage>
            <textClass>
                <keywords>
                    <term>poesi</term>
                </keywords>
            </textClass>
            <abstract>
                <ab>nil</ab>
            </abstract>
        </profileDesc>
        <revisionDesc>
            <change when="2019-02-01" who="#pz">Filen etableret</change>
            <change when="2019-03-01" who="#pz">tekst indlagt og korrekturlæst</change>
        </revisionDesc>
    </teiHeader>
    <text>
        <front/>
        <body>
            <div><pb ed="TBOO" n="IX.192"/>
                <lg>
                    <l>IUDICIS est æqui verum rectumque tueri, </l>
                    <l rend="indent">Non obstare bonis nilque iuvare malos. </l>
                    <l>Tu tamen impulsum (testis Deus) æqua movere</l>
                    <l rend="indent">Negligis et nequam fersque fovesque malum. </l>
                    <l n="5">Ast cito, crede mihi, vindex fandi atque nefandi</l>
                    <l rend="indent">Efficiet, pœnas causa proterva luat. </l>
                    <l>Si sapis ergo, tuæ bene consule, Lago, saluti, </l>
                    <l rend="indent">Et mihi si non vis parcere, parce tibi.</l>
                </lg>
                <closer> T. B. <lb/>Anno 1592, die 15 Febr. in itinere a Ringstadio domum.</closer>
            </div>
        </body>
    </text>
</TEI>
