<?xml version="1.0" encoding="UTF-8"?>

<TEI xmlns="http://www.tei-c.org/ns/1.0">
    <teiHeader>
        <fileDesc>
            <titleStmt>
                <title>Nicolao Kaasio</title>
                <author>Tycho Brahe</author>
                <editor>
                    <name xml:id="pz">
                        <persName>
                            <forename type="first">Peter</forename>
                            <surname>Zeeberg</surname>
                        </persName>
                    </name>
                </editor>
                <funder>Carlsbergfondet</funder>
            </titleStmt>
            <editionStmt>
                <edition/>
            </editionStmt>
            <publicationStmt>
                <publisher>
                    <ref target="https://dsl.dk">Det Danske Sprog- og Litteraturselskab</ref>
                </publisher>
                <pubPlace>København</pubPlace>
                <date>2019</date>
                <idno>nil</idno>
                <idno type="isbn">nil</idno>
                <availability status="restricted">
                    <ab>Copyright © 2019, Danske Sprog- og Litteraturselskab</ab>
                </availability>
            </publicationStmt>
            <sourceDesc>
                <listWit>
                        <witness xml:id="A">
                                <bibl>Tycho Brahe <title>Magnifico, amplissimo nobilissimoque viro ... D. Nicolao Kaasio ... </title>, Uraniburgi 1585</bibl>
                        </witness>
                            <!--<physDesc>
                                <objectDesc>
                                    <supportDesc material="paper">
                                        <support>
                                            <ab/>
                                        </support>
                                        <extent>
                                            <dimensions unit="cm">
                                                <height>0</height>
                                                <width>0</width>
                                            </dimensions>
                                        </extent>
                                        <condition>
                                            <ab/>
                                        </condition>
                                    </supportDesc>
                                    <layoutDesc>
                                        <ab/>
                                    </layoutDesc>
                                </objectDesc>
                                <handDesc> <handNote> <ab>empty</ab> </handNote> </handDesc> <additions> <ab>empty</ab> </additions> <sealDesc> <seal> <ab>empty</ab> </seal> </sealDesc><history>
                                <ab></ab>
                            </history>-->
                    <witness xml:id="TBOO">
                        <bibl><title>Tychonis Brahe Dani Opera Omnia</title>, ed. I.L.E. Dreyer, Tom. IX, Hauniæ 1927, p. 180-187</bibl></witness>
                </listWit>
                <listBibl>
                    <bibl>empty</bibl>
                </listBibl>
            </sourceDesc>
        </fileDesc>
        <profileDesc>
            <creation><date>1585</date></creation>
            <langUsage>
                <language ident="la" />
            </langUsage>
            <textClass>
                <keywords>
                    <term>poesi</term>
                </keywords>
            </textClass>
            <abstract>
                <ab>nil</ab>
            </abstract>
        </profileDesc>
        <revisionDesc>
            <change when="2019-02-01" who="#pz">Filen etableret</change>
            <change when="2019-02-13" who="#pz">tekst importeret.</change>
            <change when="2019-02-22" who="#pz">korrekturlæst efter A til og md v. 90. En del interpunktion og brug af versaler og ampassanter afviger fra TBOO</change>
            <change when="2019-02-24" who="#pz">korrekturlæst færdig efter A</change>
        </revisionDesc>
    </teiHeader>
    <text>
        <front/>
        <body><div><pb ed="TBOO" n="IX.180"/><pb ed="A" n="1"/>
            <head rend="indent">MAGNIFICO, AMPLISSIMO NOBILISSIMOQVE VIRO, SAPIENTIA DOCTRINA OMNIMODAQVE VIRTVTE PRÆEMINENTI, D. NICOLAO KAASIO, DOMINO DE TAARVP, REGIÆ MAIESTATIS DANIÆ CANCELLARIO ET CONSILIARIO PRVDENTISSIMO, VTILITATIS ET TRANQVILLITATIS PVBLICÆ SVASORI, CONSERVATORIQVE FIDELISSIMO, AMICO SVO INPRIMIS OBSERVANDO.</head>
            <lg><l>IAM Venerande tibi fuerat Mens scribere KAASE, </l>
                <l rend="indent">Iamque erat in calami charta parata notas,</l> 
                <l>Vnde sed incepti mihi Carminis effluat ordo, </l>
                <l rend="indent">Dum dubito, vt meritis par queat esse tuis: </l>
                <l n="5">En supero veniens mox se patefecit Olympo</l>
                <l rend="indent">VRANIA, agnoui, nam mihi visa prius, </l>
                <l>Quæ propè consistens, verbis dignatur amicis, </l>
                <l rend="indent">Noster Alumne, adeò quid meditaris? ait; </l>
                <l>Mox ego sic posita refero formidine, namque</l>
                <l rend="indent" n="10">Alloquio est facilis, si cuj nota satis. </l>
                <l>Dic mihi Diua Polj, celsum quæ nomen Olympo</l>
                <l rend="indent">Accipis, Ingenij cura laborque mej, </l>
                <l>Cuius &amp; Augusto de Nomine conspicit Ædes, </l>
                <l rend="indent">Parua vbi Huæna jacet, DANIA clara, nouas, </l>
                <l n="15">Parua sit illa licet, tamen hæc tibi dedita Sacra, </l>
                <l rend="indent">Qualia vix magnus continet Orbis, habet; </l><pb ed="TBOO" n="IX.181"/>
                <l>Dic agè, quæ Cœlum Dea circumuoluis &amp; Astra, </l>
                <l rend="indent">Vndè vides toto quæ quis in Orbe gerat, </l>
                <l>Estnè aliquis, Boreum quâ DANIA vergit in Arcton, </l>
                <l rend="indent" n="20">Inter conspicuos Nobilitate Viros, </l>
                <l>Qui magis aspiret Studijs, foueatque Camœnas, </l>
                <l rend="indent">Qui Virtute magis, Consilioque valet, </l>
                <l>Quam qui NICOLEVS fertur cognomine KAASVS? </l>
                <l rend="indent">Cuj datur à DANO Rege secundus Honor; </l>
                <l n="25">Huic ego, dum meditor pressum transmittere Carmen, </l>
                <l rend="indent">Quale feret Typis Huænula parua suis, </l>
                <l>Tot Benefacta viri, Meritique amplissima moles, </l>
                <l rend="indent">Vnde vel incipiam, quæ potiora canam, </l>
                <l>Distrahere, atque Animum partes diuellere in omnes, </l>
                <l rend="indent" n="30">Dum poterint, Elegis imposuere moras; </l>
                <l>Tu facilis, nostrum potius Dea, dirige Carmen, </l>
                <l rend="indent">Saltem aliqua vt liceat reddere grata Viro. <pb ed="A" n="1v"/></l>
                <l>Sic ego, demissa Diuam sum voce precatus, </l>
                <l rend="indent">Illa sed hæc roseo protinus ore refert: </l>
                <l n="35">Res accepta adeò, quam nunc meditaris Alumne, </l>
                <l rend="indent">Est mihi, quod nihil hac gratius esse queat: </l>
                <l>Cumque Arcana mihi pateant, ego conscia quidnam </l>
                <l rend="indent">Mente agites, votis spontè propinquo tuis: </l>
                <l>Promotura etiam veluti petis, &amp; tibi faxim, </l>
                <l rend="indent" n="40">Carmina dictabit nostra Thalia soror: </l>
                <l>Ipsa ego Materiam facili præbebo Camænæ, </l>
                <l rend="indent">Sufficiens Elegis Ipsa ego Carmen ero; </l>
                <l>Tu modò nostrorum, reuocans, memor esto Laborum;</l>
                <l rend="indent">Hosque jlli, tibi me sic referente, refer. </l>
                <l n="45">En ego quæ incedo Superis gratissima Diuis, </l>
                <l rend="indent">Maxima Pieridum, primaque Nata Iouis: </l>
                <l>Sum profuga in Terris, varièque hàc pellor &amp; illàc, </l>
                <l rend="indent">Vt nequeam firmos figere lassa pedes; </l>
                <l>Æthiopes, Indos, Arabes, Chaldaica regna, </l>
                <l rend="indent" n="50">Ægyptum, Graios, Ausoniumque solum, </l>
                <l>Hispanos, Gallos &amp; Teutona rura pererro, </l>
                <l rend="indent">Nec tamen inuenio quà mihi tuta quies; </l>
                <l>Vsque adeò Lucrum, Leuitas, Inscitia, Luxus, </l>
                <l rend="indent">Mars ferus, in mundo, Barbariesque vigent; </l>
                <l n="55">Ast ego, quæ terris Noctemque Diemque ministro, </l>
                <l rend="indent">Cumque suis Annos Mensibus jre sino, </l>
                <l>Quæ Lucem tribuo rebus, viuumque Calorem, </l>
                <l rend="indent">Et generans foueo totius Orbis Opes, </l><pb ed="TBOO" n="IX.182"/>
                <l>Nam sine me Tellus, sine me nil procreat Æquor, </l>
                <l rend="indent" n="60">Antiquum repetant me sine cuncta chaos, </l>
                <l>Nullum Animal viuens Orbi superesset, &amp; Ipse, </l>
                <l rend="indent">Ipse Homo frustra oculos Sidera ad alta gerat: </l>
                <l>Attamen in Terris spernor, mea Sacra profanant, </l>
                <l rend="indent">Conculcantque homines, exulat omnis honos, </l>
                <l n="65">Idque diu tuleram, donec pertæsa, Parenti </l>
                <l rend="indent">Conquesta, his breuibus, sum pudibunda, Ioui: </l>
                <l>Iuppiter alme Parens, nostro succurre dolori, </l>
                <l rend="indent">Exilium in terris, Te Patre nata, fero. </l>
                <l>Has licet includam, tamen hinc excludor vbique, </l>
                <l rend="indent" n="70">Ne tua sic spernar Filia, perfer Opem; </l>
                <l>His dictis, tacui, &amp; lacrimantia lumina tersi, </l>
                <l rend="indent">Ille leuat verbis, Spemque fouere jubet: </l>
                <l>Esto animo mea Nata bono, licet vndique pulsa es, </l>
                <l rend="indent">Quâ terra Australi torrida Sole calet: </l>
                <l n="75">Non tamen experta es, Boreæ quid frigora condant, </l>
                <l rend="indent">Fortè tibi Arctoo restat <app><lem wit="TBOO">in orbe</lem><rdg wit="A">inorbe</rdg></app> Decus; <pb ed="A" n="2r"/> </l>
                <l>Hîc tibi prospexi Iuuenem, cui Sidera curæ, </l>
                <l rend="indent">Per quem, crede, tuus restituetur Honos; </l>
                <l>Tantus Amorque tui est, Patriam vt charosque Penates, </l>
                <l rend="indent" n="80">Ne tua non curet, deseruisse velit; </l>
                <l>Ipse sed Arctoo suggessi in pectora Regj, </l>
                <l rend="indent">Ne iuuenem ê Patria, cum volet, ire sinat: </l>
                <l>Namque jbi decreui (velut &amp; mea Sacra sub Arcton </l>
                <l rend="indent">Intemerata manent) te quoque Nata coli. </l>
                <l n="85">Anne vides, oculis totum quæ conspicis Orbem, </l>
                <l rend="indent">DANIA quâ Boreum spectat aquosa Polum, </l>
                <l>Principium Solidi quod habet, Punctum velut arctum </l>
                <l rend="indent">Angusto referat Huænula stricta Freto: </l>
                <l>Hæc licet exigua est, tamen hinc tua Gloria crescet, </l>
                <l rend="indent" n="90">Maior &amp; Australis quam tulit Orbis erit. </l>
                <l>Sic me tum mœstam verbis solatus amicis</l>
                <l rend="indent">Juppiter, &amp; dictis pondus inesse facit;</l>
                <l>Nam mox Huæna struit, nostro de Nomine dictam, </l>
                <l rend="indent">Multa meis Sacris quæ capit apta, Domum; </l>
                <l n="95">Organa conflantur, mihi qualis nulla Vetustas, </l>
                <l rend="indent">Arte &amp; Sumptu adeò sunt operosa, dedit; </l>
                <l>Talia non olim florens Ægypte parabas, </l>
                <l rend="indent">Astra tibi quamuis semper amæna micent, </l>
                <l>Siue ea Thymochares, tibi seu construxit Hyparchus, </l>
                <l rend="indent" n="100">Auxerat hoc ingens seu PTOLEMÆVS Opus; </l><pb ed="TBOO" n="IX.183"/>
                <l>Syria non similes, licet ALBATEGNIVS illic </l>
                <l rend="indent">Hoc Aracensis agat, strauit in Astra vias; </l>
                <l>Tam Syracusa altas neque struxit ad Æthera Scalas, </l>
                <l rend="indent">Archimedis enim negligit ista labor; </l>
                <l n="105">Roma quidem Mundi fuerat Caput, haud tamen ausa est </l>
                <l rend="indent">Tanta, vel auxilijs, ô Menelae, tuis; </l>
                <l>Rex licet ALPHONSVS Mauros, Arabes, &amp; Iberos </l>
                <l rend="indent">Iunxit, vt jmmensis sumptibus Astra notent, </l>
                <l>Non tamen obtinuit, numeris vt Sidera quadrent, </l>
                <l rend="indent" n="110">Scilicet his medijs non satis auctus erat; </l>
                <l>Is quoque qui nostræ nuper COPERNICVS Arti </l>
                <l rend="indent">Creditur extremas imposuisse manus, </l>
                <l>Vir sanè jmmensus, tua laus, Germania, Cœlo </l>
                <l rend="indent">Proxima, vix tantum sustinuisset Onus. </l>
                <l n="115">Non tamen aspernor veterum Monumenta Laborum, </l>
                <l rend="indent">His sine namque <app><lem>meus</lem><rdg>A: meas TBOO</rdg></app> non reparatur Honos; </l>
                <l>Id saltem doleo, non sat subtiliter olim, </l>
                <l rend="indent">Sed nimium latis Astra notata modis; </l>
                <l>Ergò vbi conspexi mea surgere Castra sub Arcton, </l>
                <l rend="indent" n="120">Et Boream Australj cedere nolle solo, <pb ed="A" n="2v"/> </l>
                <l>Sed niti superare magis, lætabar, &amp; Ipsi </l>
                <l rend="indent">Sit modò, dicebam, gratia magna Ioui: </l>
                <l>Qui Natæ sortem miseratus, liberat isto </l>
                <l rend="indent">Despectu, quo me tempora longa premunt; </l>
                <l n="125">Iamque ego, sum veluti Musas præstantior jnter, </l>
                <l rend="indent">Vel majus, vel par, Nomen in Orbe geram, </l>
                <l>Sic mihi non dubios alacris gratabar Honores, </l>
                <l rend="indent">Lætabarque quies quod reparata foret. </l>
                <l>Ecce sed Ambitio, Lucrique insana cupido</l>
                <l rend="indent" n="130">Inuidiam alliciunt, te patre Pluto, satam: </l>
                <l>Aduolat hæc, medijs properans ê faucibus Orci, </l>
                <l rend="indent">Quam furor, atque odium concomitatur atrox, </l>
                <l>Vtque ea, Virtutem sequitur velut vmbra, cauillis </l>
                <l rend="indent">Hanc insectatur, vaniloquisque probris: </l>
                <l n="135">Et solet alterius felici sorte dolere, </l>
                <l rend="indent">Liuidaque hinc facies, pallor in ore sedet: </l>
                <l>Pectora felle virent, tegit altum lingua venenum, </l>
                <l rend="indent">Nulla quies Animo, tam studiosa Mali est: </l>
                <l>Detrahit jmmeritis, carpendo carpitur vnâ, </l>
                <l rend="indent" n="140">Dumque nocere nequit, fit sibi Supplicium; </l>
                <l>Tormentum haud majus, Siculi inuenere Tyranni: </l>
                <l rend="indent">Hæc est igniuomo gutture Taurus hians; </l><pb ed="TBOO" n="IX.184"/>
                <l>Hanc ambo instigant, licet ad mala quæque suaptè  </l>
                <l rend="indent">Sponte satis facilem, meque fugare jubent; </l>
                <l n="145">Forsitan hæc, siquidem nimium Terrestria curant, </l>
                <l rend="indent">Me præsente, satis crescere posse, timent; </l>
                <l>Ergo ista jnsidijs, nec aperto Marte minatur, </l>
                <l rend="indent">Prætextu potius sueta nocere boni; </l>
                <l>Quæ potuit fecit mala plurima, plura volebat, </l>
                <l rend="indent" n="150">Difficilem reddens Sidera ad alta viam; </l>
                <l>Persuasitque alijs, noster quod inutilis esset, </l>
                <l rend="indent">Possibilisque minus (tàm fit iniqua) labor; </l>
                <l>Obtinuit fateor, nostra vt Patientia læsa est, </l>
                <l rend="indent">Penèque pænituit, quod meditabar Opus, </l>
                <l n="155">Cessissemque aliò, siquidem latissima Tellus, </l>
                <l rend="indent">Qua mea spectentur Sidera, vbìque manet; </l>
                <l>Vndique Terra infrâ est, Cœlum patet vndìque suprâ. </l>
                <l rend="indent">Omne solum Patria est, cui mea Sacra placent: </l>
                <l>Nilque noui fieret rursus peregrina petenti, </l>
                <l rend="indent" n="160">Sæpè mouere locum, res benè sueta mihi est; </l>
                <l>Venit at in Mentem, secum clàm velle Triumphos</l>
                <l rend="indent">Mox agere Inuidiam, sic quòd abacta forem; </l>
                <l>Scilicet obscuris Erebi quæ prodijt vmbris, </l>
                <l rend="indent">Me Ioue prognatam, pellat agatque Deam? <pb ed="A" n="3r"/> </l>
                <l n="165">Dum moror, &amp; mecum dum consulo quid sit agendum, </l>
                <l rend="indent">Ecce jterum validam Iuppiter addit Opem; </l>
                <l>Huncque Virum, cui nunc meditaris scribere, certis </l>
                <l rend="indent">Excitat Is medijs, vt mea damna leuet; </l>
                <l>Propositis namque Ille bonis prodesse paratus, </l>
                <l rend="indent" n="170">Non sua, sed Patriæ commoda semper agit; </l>
                <l>Vndè illi multum debebit Patria, quandò</l>
                <l rend="indent">Multa alij Patriæ: Quis magè diues erit? </l>
                <l>Hoc florente Viro, nullis obnoxia damnis, </l>
                <l rend="indent">DANIA floresces, hoc abeunte, caue; </l>
                <l n="175">Optima Consilijs juuat, &amp; mala quæque repellit, </l>
                <l rend="indent">Huncque loco chari Patria Patris habet; </l>
                <l>Cumque sit huic ingens &amp; multa Scientia Rerum, </l>
                <l rend="indent">Nostra etiam digno Sacra in honore fouet; </l>
                <l>Et licet his, teneris non est imbutus ab annis, </l>
                <l rend="indent" n="180">(Nam quis par Studijs omnibus, Vnus erit?) </l>
                <l>Attamen, Historias gestarum ab origine Mundi </l>
                <l rend="indent">Dum recolit rerum, fit memor jnde mei: </l>
                <l>Hincque videt, quanta me Sedulitate Vetustas </l>
                <l rend="indent">Excoluit, quanto tunc in Honore fui; </l><pb ed="TBOO" n="IX.185"/>
                <l n="185">Vsque adeò, vt solis fuerit fas Regibus, Astra </l>
                <l rend="indent">Excelsa Ingenio supposuisse suo; </l>
                <l>Proxima tangentes Cœlo fastigia Rerum, </l>
                <l rend="indent">Regales animos scilicet Astra decent; </l>
                <l>Testes Alcides, Perseus &amp; pulcher Orion, </l>
                <l rend="indent" n="190">Arctophylax, Cepheus, Chyron, &amp; Heniocus: </l>
                <l>Qui proprio Stellis de nomine, nomina signant, </l>
                <l rend="indent">Vnde erit illorum Fama coæua Polo; </l>
                <l>At quia non parua Reges Respublica mole  </l>
                <l rend="indent">Aggrauat, &amp; crebrò belliger hostis adest: </l>
                <l n="195">Mox in more fuit, si quos Natura monebat, </l>
                <l rend="indent">Astrorum celsas exuperare vias, </l>
                <l>Illos sponte sua, Patria vt Regesque juuarent, </l>
                <l rend="indent">Sumptibus vt magnis Sidera celsa notent; </l>
                <l>Id nisi fecisset veterum Solertia Regum, </l>
                <l rend="indent" n="200">Mensibus atque Annis quæ modò Meta foret? </l>
                <l>Gestarum fieret nunc quanta obliuio rerum? </l>
                <l rend="indent">Quantaque Barbaries? Quale &amp; in Orbe chaos? </l>
                <l>Non Hominum â brutis Animantibus ista fuisset  </l>
                <l rend="indent">Dispar conditio, fortè caduca magis: </l>
                <l n="205">Pronius his Terram spectarent, quos Deus altè</l>
                <l rend="indent">Iusserat excelsum tollere ad Astra caput. </l>
                <l>Hæc &amp; plura alias, quæ Mundo incommoda cedant, </l>
                <l rend="indent">Si perspecta Homini Sidera nulla forent, <pb ed="A" n="3v"/> </l>
                <l>[…]</l>
                <l>Hic Vir prospiciens, velut Experientia Rerum  </l>
                <l rend="indent" n="210">Indidit, hoc Patria nolit abesse Decus: </l>
                <l>Sed velut hanc multùm præclaris Artibus ornat, </l>
                <l rend="indent">Patronus Studijs dum cupit esse bonis: </l>
                <l>Sic quòque, sic nostram, reliquis quæ celsior, Artem, </l>
                <l rend="indent">Exilium ê Patria non tulit Ille pati; </l>
                <l n="215">Vnus enim nobis suadendo restituit Rem, </l>
                <l rend="indent">Hanc qui jacturam cerneret, vnus erat; </l>
                <l>Reppulit Inuidiam, quæ nunc pudefacta sub antris, </l>
                <l rend="indent">Rodat vbi tacito corda dolore, latet; </l>
                <l>Effecitque adeò mea DANIA Castra sub Arcton  </l>
                <l rend="indent" n="220">Vt locet, &amp; Studijs clareat aucta meis: </l>
                <l>Quod nunc HVÆNA mihi deuotas struxerit Ædes, </l>
                <l rend="indent">Vraniæque Artes jngeniosa colat, </l>
                <l>Et mihi quod Boreas nunc Organa tanta pararit, </l>
                <l rend="indent">Quanta nec Australi cernere in Orbe licet, </l>
                <l n="225">Me debere illi fateor: quia plurima causa est, </l>
                <l rend="indent">Quod meus in Patria detineatur Honos; </l><pb ed="TBOO" n="IX.186"/>
                <l>Si quid venturis mea Sidera certius Annis  </l>
                <l rend="indent">Ostendent, veluti Spes mihi magna subest; </l>
                <l>Semita si penitus pateat Mortalibus olim, </l>
                <l rend="indent" n="230">Qua vehitur Phœbus, quamque Diana rotat: </l>
                <l>Perspectum fuerit reliquis, si quandò, Planetis, </l>
                <l rend="indent">Dum variant cursus, qualis amussis inest: </l>
                <l>Fixaque si toto constabunt Sidera cœlo, </l>
                <l rend="indent">Error vt jllorum, non sit, vt antè, locis, </l>
                <l n="235">Huic Vni acceptum referant, Huic omnia debent, </l>
                <l rend="indent">Quos agit Astra Poli scandere celsus Amor; </l>
                <l>DANIA quod, nostris renouatis Artibus, ingens  </l>
                <l rend="indent">Nomen ab æterna Posteritate feret, </l>
                <l>Huic tribuat: nec enim foret istis laudibus aucta, </l>
                <l rend="indent" n="240">Solus Is, hoc tantum ni tueretur Opus; </l>
                <l>Ergo erit illius notissima Fama per Orbem, </l>
                <l rend="indent">Vndìque quâ Populis Sidera clara micant; </l>
                <l>Nec saltem Patriam quod honestis ornat, &amp; auget  </l>
                <l rend="indent">Consiliis, quò sit Publica tuta quies, </l>
                <l n="245">Sed quoque quod nostros non dedignatur Honores, </l>
                <l rend="indent">Haud minor hinc ipsum Gloria, fortè, manet; </l>
                <l>Nam, (mihi si qua fides quæ Cœlica Fata guberno.) </l>
                <l rend="indent">Non sua Laus vllo est interitura die; </l>
                <l>Transiget in Terris seros feliciter Annos, </l>
                <l rend="indent" n="250">Et Regi, &amp; Populo semper amatus erit: </l>
                <l>Dum viuet, sua durabit gratissima cunctis, </l>
                <l rend="indent">Et bona post cineres Fama superstes aget, <pb ed="A" n="4r"/>  </l>
                <l>Jamque Senex, tandem celso maturus Olympo  </l>
                <l rend="indent">Accedens, Superis Accola gratus erit. </l>
                <l n="255">Hæc sunt quæ volui, tibi perscribenda referre, </l>
                <l rend="indent">Hæc reuocans, pressis mitte legenda notis: </l>
                <l>Pressius illa VIRI maneant vt condita Mente, </l>
                <l rend="indent">Et nunquam meus hinc dimoueatur Amor; </l>
                <l>Nomine ferque meo Grates, quod nostra tuetur, </l>
                <l rend="indent" n="260">Et fouet, è Patria non abigenda, Sacra; </l>
                <l>Perstet vt incepit, nostros conseruet Honores, </l>
                <l rend="indent">Vt mihi perpetuò DANIA Thura ferat; </l>
                <l>Donec sublimi radiabunt Sidera cœlo, </l>
                <l rend="indent">Hinc pariter radians Nomen in Orbe geret; </l>
                <l n="265">Cumque aliis referam, mea qui Monumenta probarint, </l>
                <l rend="indent">Inter præcipuos Is numerandus erit: </l>
                <l>Æternasque illi non cessans dicere Grates, </l>
                <l rend="indent">Ex Animo, &amp; toto Corde fauente, colam. </l><pb ed="TBOO" n="IX.187"/>
                <l>Hæc vbi finierat, superum repetiuit Olympum  </l>
                <l rend="indent" n="270">VRANIA, vt solitis Legibus Astra regat. </l>
                <l>Quumque ego sim Diuæ, velut ipsa fatetur, Alumnus, </l>
                <l rend="indent">Quæ mihi mandauit, non tacuisse licet; </l>
                <l>Sed pariter refero, velut hæc Dea rettulit ipsa, </l>
                <l rend="indent">Dij faciant vt non displicuisse queant. </l>
                <l n="275">Iam tibi, quod superest, Vir longe amplissime, Grates  </l>
                <l rend="indent">Pro meritis, quantas Mens mea nouit, ago; </l>
                <l>Cumque referre satis nequeam, memor esse studebo, </l>
                <l rend="indent">Alma mihi donec Vita superstes erit; </l>
                <l>Vtque tibi constet, non friuola dicta fuisse  </l>
                <l rend="indent" n="280">VRANIÆ, quibus hunc extulit illa locum, </l>
                <l>Astrorumque vijs sint Organa quanta parata, </l>
                <l rend="indent">Hîc vbi HVÆNA arcto cingitur alta mari, </l>
                <l>Te rogo, vt esse velis nobis gratissimus Hospes, </l>
                <l rend="indent">Quamprimum, adducto Vere, recedit Hyems, </l>
                <l n="285">Id quia pollicitus dudum es, audacius oro, </l>
                <l rend="indent">Nostraque nec dubito quin rata Vota sient. </l>
                <l>Iamque Elegis leuibus ne te magè seria agentem  </l>
                <l rend="indent">Detineam, Felix, Incolumisque, Vale.</l>
                </lg>
            <closer>Datum VRANIBVRGI <lb/>Kalend. Ianuarij Anno 1585. <lb/><hi rend="it">Tui observantiss.</hi><lb/>TYCHO BRAHE</closer>
        </div>
        </body>
    </text>
</TEI>
