<?xml version="1.0" encoding="UTF-8"?>

<TEI xmlns="http://www.tei-c.org/ns/1.0">
    <teiHeader>
        <fileDesc>
            <titleStmt>
                <title>Nicolao Kaasio</title>
                <author>Tycho Brahe</author>
                <editor role="translator">
                    <name xml:id="pz">
                        <persName>
                            <forename type="first">Peter</forename>
                            <surname>Zeeberg</surname>
                        </persName>
                    </name>
                </editor>
                <funder>Carlsbergfondet</funder>
            </titleStmt>
            <editionStmt>
                <edition/>
            </editionStmt>
            <publicationStmt>
                <publisher>
                    <ref target="https://dsl.dk">Det Danske Sprog- og Litteraturselskab</ref>
                </publisher>
                <pubPlace>København</pubPlace>
                <date>2019</date>
                <idno>nil</idno>
                <idno type="isbn">nil</idno>
                <availability status="restricted">
                    <ab>Copyright © 2019, Danske Sprog- og Litteraturselskab</ab>
                </availability>
            </publicationStmt>
            <sourceDesc>
                 <!--<listWit>
                        <witness xml:id="A">
                                <bibl>Tycho Brahe <title>Magnifico, amplissimo nobilissimoque viro ... D. Nicolao Kaasio ... </title>, Uraniburgi 1585</bibl>
                        </witness>
                           <physDesc>
                                <objectDesc>
                                    <supportDesc material="paper">
                                        <support>
                                            <ab/>
                                        </support>
                                        <extent>
                                            <dimensions unit="cm">
                                                <height>0</height>
                                                <width>0</width>
                                            </dimensions>
                                        </extent>
                                        <condition>
                                            <ab/>
                                        </condition>
                                    </supportDesc>
                                    <layoutDesc>
                                        <ab/>
                                    </layoutDesc>
                                </objectDesc>
                                <handDesc> <handNote> <ab>empty</ab> </handNote> </handDesc> <additions> <ab>empty</ab> </additions> <sealDesc> <seal> <ab>empty</ab> </seal> </sealDesc><history>
                                <ab></ab>
                            </history>
                    <witness xml:id="TBOO">
                        <bibl><title>Tychonis Brahe Dani Opera Omnia</title>, ed. I.L.E. Dreyer, Tom. IX, Hauniæ 1927, p. 180-187</bibl></witness>
                </listWit>-->
                <listBibl>
                    <bibl>empty</bibl>
                </listBibl>
            </sourceDesc>
        </fileDesc>
        <profileDesc>
            <creation><date>1585</date></creation>
            <langUsage>
                <language ident="la" />
            </langUsage>
            <textClass>
                <keywords>
                    <term>poesi</term>
                </keywords>
            </textClass>
            <abstract>
                <ab>nil</ab>
            </abstract>
        </profileDesc>
        <revisionDesc>
            <change when="2019-02-22" who="#pz">Filen etableret. tekst importeret. NB: Husk kommentarer i filen kaas.doc!</change>
        </revisionDesc>
    </teiHeader>
    <text>
        <front/>
        <body><div><pb ed="TBOO" n="IX.180"/><pb ed="A" n="1"/>
            <head rend="indent">Til den ophøjede, højfornemme og ædle mand, den ved klogskab, lærdom og dygtigtighed af enhver art fremragende herre, Hr. Niels Kaas til Tårup, hans majestæt kongen af Danmarks forstandige kansler og råd, den almene nytte og freds trofaste befordrer og bevarer, min særdeles gode ven.</head>
            <lg><l>Jeg havde sat mig for at skrive dig et brev, min kære Kaas,</l>
                <l>og brevpapiret lå parat til pennens skrifttegn, </l>
                <l>men netop som jeg sad og tænkte på hvor digtet skulle tage sit udgangspunkt</l>
                <l>for at kunne leve op til alt det gode du har gjort</l>
                <l n="5">&#x2013; da kom Urania med ét til syne fra Olympen. </l>
                <l> (Jeg kendte hende godt, jeg har set hende før). </l>
                <l>Hun trådte nærmere og sagde nådigt disse milde ord:</l>
                <l>»Min protegé, hvad grubler du så vældigt over?« </l>
                <l>Så glemte jeg min frygt og svarede</l>
                <l n="10">(for hun er nem et tale til når blot man kender hende: </l>
                <l>»Sig mig, du himmelens gudinde, der bærer Olympens høje navn</l>
                <l>du som jeg bruger alle evner, alle kræfter på, </l>
                <l>du der har skænket dit ophøjede navn til den nye bygning</l>
                <l>som det berømmelige Danmark skuer på det lille Hven</l>
                <l n="15">&#x2013; og selvom Hven er lille, har den helligdomme indviet til dig, </l>
                <l>hvis lige næppe findes på hele den store jord &#x2013; </l>
                <l>ja, sig mig, du gudinde der drejer himmelen og stjernerne omkring, </l>
                <l>deroppe hvor du ser alt hvad der foregår på jorden: </l>
                <l>findes der her i Danmark under bjørnen højt mod norden</l>
                <l n="20">mellem adelens fornemme mænd</l>
                <l>nogen der støtter studier mere, viser muserne større omsorg, </l>
                <l>nogen med større dygtighed, nogen med større kløgt</l>
                <l>end ham der hedder Niels med efternavnet Kaas, </l>
                <l>efter den danske konge landets næstfornemste mand? </l>
                <l n="25">Ham har jeg tænkt mig at sende et digt på tryk</l>
                <l>som nu det lille Hven kan gøre det med sine typer. </l>
                <l>Men manden har gjort så enorm en indsats og så mange store gerninger, </l>
                <l>så hvor skal jeg tage fat, hvad skal jeg helst besynge? </l>
                <l>Det splitter mine tanker, river dem i alle retninger, </l>
                <l n="30">og har sat mig i stå med mine distika. </l>
                <l>Du, venlige gudinde, vis mig vejen for mit digt</l>
                <l>så jeg dog i det mindste kan få sagt ham tak for noget.« </l>
                <l>Sådan bad jeg med dæmpet røst gudinden, </l>
                <l>og hun gav straks fra sine rosenrøde læber dette svar: </l>
                <l n="35">»Det er er en glimrende ide du der har fået, kære protegé, </l>
                <l>og intet kunne glæde mig mere. </l>
                <l>For mig står jo det skjulte klart, jeg ved besked</l>
                <l>med hvad du tænker, og støtter derfor ganske uopfordret dine ønsker. </l>
                <l>Jeg skal være dig behjælpelig med det du ber om, jeg skal bistå dig: </l>
                <l n="40">Min søster Thalia skal diktere digtet. </l>
                <l>Jeg selv leverer den venlige muse stoffet, </l>
                <l>i mig er der tilstrækkeligt med digt til dine distika. </l>
                <l>Men du må huske på hvad der er sket, husk mine kvaler, </l>
                <l>fortæl om dem til ham som jeg fortæller dem til dig: </l>
                <l n="45">Tænk, jeg der blandt de høje guder er så elsket, </l>
                <l>den ældste af muserne, Jupiters førstefødte, </l>
                <l>jeg er her på jorden en landflygtig, jages hid og did, </l>
                <l>og finder intet sted at sætte mine trætte fødder. </l>
                <l>Til æthioperne, til inderne, araberne, Kaldæas riger, </l>
                <l n="50">Ægypten, grækerne, Italien, </l>
                <l>de spanske, franske folk, til Tyskland flakker jeg omkring, </l>
                <l>men finder ingen steder sikkerhed og ro. </l>
                <l>Så mægtigt trives griskhed, overfladiskhed, uvidenhed og luksus, </l>
                <l>den grumme Mars og barbariet her på jorden. </l>
                <l n="55">Jeg er jo den der sørger for at jorden her har nat og dag, </l>
                <l>og lader hvert år forløbe delt i måneder, </l>
                <l>jeg skænker alting lys og livgivende varme, </l>
                <l>og frembringer og hæger om alverdens rigdomme</l>
                <l>(for uden mig kan hverken jorden eller havet skabe noget, </l>
                <l n="60">alt ville atter blive som de første tiders kaos uden mig</l>
                <l>Ikke et eneste levende dyr ville findes på jorden, </l>
                <l>ja, selv mennesket ville forgæves hæve sit blik mod himmelens stjerner) </l>
                <l>&#x2013; og dog har man på jorden kun foragt tilovers for mig, menneskene håner</l>
                <l>min helligdom, og træder den i støvet. Al respekt er smidt på porten. </l>
                <l n="65"> Og alt det tålte jeg i lang tid indtil jeg til sidst var led og ked af det</l>
                <l>og lidt blufærdigt klagede min nød til Jupiter i disse knappe ord: </l>
                <l>»Jupiter, nådige far, åh, hjælp mig i min nød: </l>
                <l>For jeg, din datter, døjer med landflygtighed på jorden! </l>
                <l>Jeg selv er uden om den ganske jord, og dog blir jeg holdt udenfor på hele jorden.</l>
                <l n="70">Hjælp mig så jeg, din datter, ikke skal hånes så groft!« </l>
                <l>Med de ord holdt jeg inde og tørrede tårerne bort, </l>
                <l>og han gav mig trøst og bad mig fatte mod: </l>
                <l>»Vær du kun rolig, mit barn, for nok blir du forjaget</l>
                <l>overalt hvor hede egne svides under sydens sol, </l>
                <l n="75">men du har ikke undersøgt hvad nordens kulde gemmer på: </l>
                <l>Måske du stadigvæk kan finde glans og ære højt mod nord. </l>
                <l>Dér har jeg set en ung mand du kan bruge, én der kerer sig om stjernerne, </l>
                <l>ved hans hjælp kan din ære blive genoprettet, tro du mig! </l>
                <l>Så stor er hans hengivenhed mod dig at han var villig til at rejse væk</l>
                <l n="80">fra hjem og fædreland for ikke at svigte dig. </l>
                <l>Men jeg har selv påvirket kongen over Norden, </l>
                <l>til ikke at lade ungersvenden rejse ud af landet hvis han vil. </l>
                <l>For jeg har sat mig for at ligesom mine helligdomme dér, i Norden, </l>
                <l>står uantastede, skal også du, min datter dyrkes her. </l>
                <l n="85">For ser du ikke &#x2013; du der ser den hele jord for dine øjne &#x2013; </l>
                <l>dér hvor det vandrige Danmark betragter den nordlige Pol, </l>
                <l>at dette land har en begyndelse til noget holdbart</l>
                <l>&#x2013; selvom det lille Hven, midt i det snævre stræde, kun er som en lille prik.</l>
                <l>Nok er den ganske lille, men alligevel skal din berømmelse fra den snart vokse</l>
                <l n="90">og blive større end hvad sydens lande har præsteret.« </l>
                <l>Sådan trøstede Jupiter mig i min sorg med sine venlige ord. </l>
                <l>Og han så til at der var vægt bag ordene, </l>
                <l>for snart fik Hven opført en bygning, opkaldt efter mig</l>
                <l>og fyldt med ting beregnet til at dyrke mig. </l>
                <l n="95">Der skabes instrumenter dér som ingen æra før har skænket mig magen til, </l>
                <l>så meget håndværk og så stor bekostning er der investeret i dem. </l>
                <l>Så fint frembragte du dem aldrig, dygtige ægypter i de fjerne tider, </l>
                <l>skønt himlens stjerner altid glimter venligt ned til dig, </l>
                <l>hvadenten de blev konstrueret for dig af Timochares eller Hipparchus, </l>
                <l n="100">eller den store Ptolemæus lagde sit til værket. </l>
                <l>Ej heller Syrien anlagde sådanne veje til stjernerne</l>
                <l>skønt det var dér Albategnius fra ar-Raqqah holdt til. </l>
                <l>Og heller ikke Syracus opbyggede så høje stiger op mod himlen, </l>
                <l>for det går Archimes' anstrengelser uden om. </l>
                <l n="105">Rom var jo Verdens hovedstad &#x2013; men indlod sig ikke på noget så stort, </l>
                <l>selv ikke med din bistand, Menelaos. </l>
                <l>Skønt kong Alfonso satte maurere, arabere og spaniere sammen</l>
                <l>om at beskrive stjernerne med stor bekostning, </l>
                <l>lykkedes det aldrig for ham at få stjerner til at stemme overens med tal</l>
                <l n="110">&#x2013;  han havde nok ikke den slags hjælpemidler. </l>
                <l>Ja, selv den mand der regnes for </l>
                <l>at have lagt sidste hånd på vores videnskab, Kopernikus, </l>
                <l>en overmåde stor personlighed, der giver dig, Tyskland, </l>
                <l>himmelsk ry &#x2013;  selv han kunne dårligt have løftet en sådan byrde. </l>
                <l n="115">Men jeg foragter ikke det de gamle har præsteret, </l>
                <l>for uden dette kan min ære ikke genoprettes. </l>
                <l>Det jeg er ked af, er at stjernerne i gamle dage</l>
                <l>ikke blev observeret præcist, men med alt for unøjagtige metoder. </l>
                <l>Så da jeg så min bolig rejse sig i Norden, </l>
                <l n="120">og så at Nordens lande ikke ville stå tilbage for de sydlige, </l>
                <l>men gjorde hvad de kunne, for at overtrumfe dem &#x2013;  da blev jeg glad</l>
                <l>og sagde: »Jupiter skal have så mange tak: </l>
                <l>han har så meget medynk med sin datter at han gør mig fri</l>
                <l>af den foragt der længe har besværet mig. </l>
                <l n="125">Og nu får jeg, præcis som jeg er størst blandt muserne, </l>
                <l>det største navn på jorden, eller lige så stort som alle andre.« </l>
                <l>Ja, sådan nød jeg henrykt udsigten til sikker hæder og respekt, </l>
                <l>jeg frydede mig over at min ro og fred var genoprettet. </l>
                <l>Men se så hvordan ambition og afsindigt begær efter vinding</l>
                <l n="130">lokker misundelsen, det barn af Pluto, frem: </l>
                <l>Hun kommer jagende i huj og hast fra underverdenens dybe svælg</l>
                <l>og med sig har hun raseri og grusomt had. </l>
                <l>Hun følger dygtigheden som en skygge, </l>
                <l>plager den med sladder og løgnagtige forhånelser, </l>
                <l n="135">og ærgrer sig grusomt når andre har heldet med sig</l>
                <l>Derfor er kinderne gustne og ansigtet blegt, </l>
                <l>brysterne guldner af galde, tungen dækker over bundløs gift. </l>
                <l>Aldrig har hun ro på sig, så ivrig er hun efter ondt: </l>
                <l>Hun rakker ned på uskyldige folk, hun gnaver over alt, for alting gnaver ondt i hende, </l>
                <l n="140">og når hun ingen skade kan gøre, hun bærer hun sin straf i sig selv. </l>
                <l>Værre tortur har selv Siciliens tyranner aldrig fundet på: </l>
                <l>hun er som tyren med det ildsprudende svælg. </l>
                <l>De ægger hende begge to &#x2013;  selv om hun ganske uopfordret selv </l>
                <l>er med på alt hvad der er ondt &#x2013;  og råder hende til jage mig på flugt. </l>
                <l n="145">Måske de &#x2013; eftersom de holder alt for meget af det jordiske &#x2013; </l>
                <l>er bange for at det ikke kan vokse nok hvis jeg er i nærheden. </l>
                <l>Derfor truer hun med list og baghold, ikke åben krig, </l>
                <l>for hun gør gerne skade under påskud af at gøre godt. </l>
                <l>Hun gjorde alt det onde hun kunne komme til, og ville gerne gøre mere</l>
                <l n="150">der kunne gøre vejen op til stjernerne besværlig. </l>
                <l>Hun bildte andre ind at min opgave var unyttig</l>
                <l>og at den var umulig &#x2013;  så urimelig bliver hun! </l>
                <l>Hun gav, det må jeg tilstå, min tålmodighed et knæk</l>
                <l>Jeg var nær blevet ked af det værk jeg stod i færd med, </l>
                <l n="155">og var rejst bort &#x2013;  for jorden strækker sig så milevidt</l>
                <l>og overalt kan mine stjerner ses. </l>
                <l>Jorden er overalt forneden, himlen overalt foroven. </l>
                <l>Hvert land der sætter pris på mine helligdomme, er mit fædre¬land, </l>
                <l>og intet ville ændre sig hvis jeg igen drog bort</l>
                <l n="160">&#x2013;  at flytte tit og ofte, det er noget jeg er vant til. </l>
                <l>Men så kom jeg i tanke om at hun, misundelsen, snart efter i det skjulte </l>
                <l>ville triumfere over sådan at have jaget mig på porten. </l>
                <l>Nej, skulle hun, der selv er groet frem af dødens dunkle skygger, </l>
                <l>forjage mig, en gud, en datter af den store Jupiter? </l>
                <l n="165">Mens jeg nu tøvede og overvejede hvad jeg skulle stille op, </l>
                <l>kom Jupiter mig nok en gang til undsætning</l>
                <l>og på sin egen måde fik han netop ham du nu sat dig for at skrive til, </l>
                <l>opmuntret til at afhjælpe mine problemer. </l>
                <l>Den mand er nemlig altid rede til at støtte gode planer, </l>
                <l n="170">han handler altid kun for landets bedste, ikke for sit eget, </l>
                <l>og derfor vil hans hjemland altid stå i gæld til ham</l>
                <l>hvor andre står i gæld til deres land &#x2013;  hvem kan vel være mere rig end det? </l>
                <l>Så længe han er i sin fulde blomst, så længe, Danmark, vil du blomstre, </l>
                <l>og intet kunne skade dig &#x2013;  men når han falder bort, så vár dig! </l>
                <l n="175">Han støtter med sit styre alt det bedste, og afværger alt der er ondt. </l>
                <l>Han står i faders sted for fædrelandet. </l>
                <l>Og efter som han har en stor og omfattende viden om alverden</l>
                <l>dyrker han også mine helligdomme med den rette agtelse. </l>
                <l>Nok er han ikke opflasket med den slags fra de unge år</l>
                <l n="180">(for hvem kan lægge lige vægt på alle studier), </l>
                <l>men når han ser tilbage på historien og alt hvad der er sket</l>
                <l>fra Verdens skabelse, så husker han på mig. </l>
                <l>Det viser ham hvor ivrigt man i gamle dage dyrkede mig, </l>
                <l>hvor stor respekt der dengang stod omkring mig</l>
                <l n="185">&#x2013; så stor at konger kun, og ingen andre, </l>
                <l>fik lov at underlægge stjernerne deroppe deres ånd. </l>
                <l>For kun de kongelige sjæle, der berører himlens tinder, </l>
                <l>er stjerner værdige. </l>
                <l>Tænk på Alkides, Perseus og den smukke Orion, </l>
                <l n="190">Arctophylax, Cepheus, Chyron og Heniocus, </l>
                <l>der har givet stjerner navne og opkaldt dem efter sig selv, </l>
                <l>så deres ry vil stå sålænge himlen står. </l>
                <l>Men da nu statens styre lægger store byrder på en konge, </l>
                <l>og krigeriske fjender ofte melder sig, </l>
                <l n="195">blev det snart almindeligt, hvis nogen havde lyst og anlæg for</l>
                <l>at lægge de svimlende veje til stjernerne bag sig, </l>
                <l>at de på eget initiativ hjalp deres fædreland og deres konge</l>
                <l>og lagde store summer i at udforske de høje stjerner. </l>
                <l>hvis ikke kongerne i gamle dage havde gjort det sådan, </l>
                <l n="200">hvordan havde år og måneder så været afgrænset? </l>
                <l>Hvor lille en erindring havde vi så ikke haft i dag om fortidens begivenheder? </l>
                <l>Hvor stort et barbari, og hvilket kaos hele verden rundt? </l>
                <l>Da ville menneskenes ikke være anderledes stillet</l>
                <l>end vilde dyr &#x2013;  ja, måske endnu lavere. </l>
                <l n="205">De ville se mod jorden, mere krumbøjede end dem</l>
                <l>&#x2013; de som af Gud har ordre på at løfte hovedet højt mod stjernerne. </l>
                <l>Disse, og også mange andre ubehageligheder der kunne ramme jorden, </l>
                <l>hvis mennesket intet havde vidst om stjernerne, </l>
                <l>[…]</l>
                <l>Og denne fremsynede mand, han gjorde som erfaringerne sagde ham, </l>
                <l n="210">og ville ikke lade sit fædreland gå glip af denne ære, </l>
                <l>men lod i stor stil landet hævde sig med fornem kunst og videnskab</l>
                <l>som den mæcen for lærde studier han ønskede at være. </l>
                <l>Og min kunst &#x2013;  der jo er de andres overlegen &#x2013; </l>
                <l>den lod han heller ikke lide i landflygtighed fra fædrelandet. </l>
                <l n="215">Han, ene mand, fik atter mig på fode med sin rådgivning. </l>
                <l>Han var den eneste der så hvad vi var ved at miste. </l>
                <l>Han slog misundelsen tilbage så den nu beskæmmet</l>
                <l>har gemt sig i sin hule og sidder der og græmmer sig i stilhed. </l>
                <l>Og han så til at Danmark lod mig få et hjem Norden</l>
                <l n="220">og derved vinder sig berømmelse på mine studier. </l>
                <l>At Hven har rejst et hus viet til mig </l>
                <l>og nu med dygtighed dyrker Uranias kunster, </l>
                <l>at Norden nu har bygget instrumenter </l>
                <l>som man end ikke kan se mage til i syden, </l>
                <l n="225">&#x2013; alt det skylder jeg ham, for det er først og fremmest hans fortjeneste</l>
                <l>at jeg endnu kan nyde ære og respekt. </l>
                <l>Hvis mine stjerner i de år der kommer, bliver klarere forstået</l>
                <l>&#x2013; hvad jeg har god forhåbning om &#x2013; </l>
                <l>og hvis engang de dødelige mennesker til bunds får indsigt i</l>
                <l n="230">den vej som Phoebus følger, den Diana kredser på, </l>
                <l>hvis de engang forstår de øvrige planeter, </l>
                <l>og hvad systemet er i deres baners vekslen, </l>
                <l>hvis fixstjernerne hele himlen over kommer endeligt på plads</l>
                <l>så deres positioner ikke er fejlagtige som før</l>
                <l n="235">&#x2013; så har de én at takke, det er ham, ham skylder de det hele, </l>
                <l>de mennesker der drives af en himmelsk kærlighed til bestige himlens stjerner</l>
                <l>At Danmark nu til evig tid har vundet sig et navn</l>
                <l>ved at have bragt min videnskab på fode, </l>
                <l>det kan det tilskrive ham &#x2013; den hæder havde landet aldrig vundet</l>
                <l n="240">hvis ikke han alene havde taget hånd om værket. </l>
                <l>Derfor vil hans berømmelse nå ud til hele jorden</l>
                <l>ja, overalt hvor klare stjerner glimter ned til verdens folkeslag, </l>
                <l>og ikke kun fordi han gavner og besmykker fædrelandet</l>
                <l>med råd og planlægning &#x2013; og derved sikrer alle fred &#x2013; </l>
                <l n="245">også fordi han aldrig føler sig for stor til at hylde mig, </l>
                <l>det har han da vist ikke mindre ære af! </l>
                <l>For (for så vidt som man kan tro på mig der styrer himlens skæbne): </l>
                <l>hans pris vil aldrig nogen sinde dø. </l>
                <l>Nej, han vil leve lykkeligt på jorden til sin høje alderdom</l>
                <l n="250">og altid være elsket af sin konge og sit folk. </l>
                <l>Så længe han lever, vil hans ry bestå, til alles fryd, </l>
                <l>og også efter døden vil det leve. </l>
                <l>Som gammel mand vil han omsider mæt af dage</l>
                <l>gå til Olympen og dér blive gudernes kærkomne nabo. </l>
                <l n="255">Det var hvad jeg kunne tænke mig at du skulle skrive</l>
                <l>Genkald dig det, send det ud på tryk, </l>
                <l>så det kan fæstne sig i mandens sind med eftertryk, </l>
                <l>og så hans kærlighed til mig aldrig kan fjernes. </l>
                <l>Bring ham min tak på mine vegne fordi han støtter og beskytter mine helligdomme</l>
                <l n="260">så ingen kan jage dem ud af hans land. </l>
                <l>Nu skal han blive ved som han er begyndt, og fastholde min agtelse</l>
                <l>så Danmark stadig ofrer på mit alter</l>
                <l>så længe stjernerne på himlen stråler højt deroppe. </l>
                <l>Derved vil han få lige så strålende et navn på jorden. </l>
                <l n="265">Og når jeg regner ham blandt dem der har sat mine værker højt, </l>
                <l>skal han have plads iblandt de allervigtigste. </l>
                <l>Ham vil jeg aldrig blive færdig med at takke, </l>
                <l>jeg vil hylde ham fra sjælens inderste og støtte ham af hjertets grund.« </l>
                <l>Med de ord vendte så Urania tilbage til Olympen i det høje</l>
                <l n="270">for at bestyre stjernerne efter de vante love. </l>
                <l>Eftersom jeg er gudindens protegé, som hun jo selv siger, </l>
                <l>ville det ikke være rigtigt at fortie den besked hun gav mig. </l>
                <l>Jeg gengiver alt nøjagtig som gudinden selv fremsagde det. </l>
                <l>Guderne give at det ikke vækker anstød! </l>
                <l n="275">Og nu, du mægtige mand, har jeg tilbage </l>
                <l>at sige dig så stor en tak jeg overhovedet magter. </l>
                <l>Og skønt jeg aldrig kan betale dig tilstrækkeligt tilbage, vil jeg huske det</l>
                <l>så længe jeg har livet i behold. </l>
                <l>Men for at du kan være sikker på at dette ikke har været tomme ord</l>
                <l n="280">de ord hvormed Urania har hædret dette sted, </l>
                <l>og se hvor store instrumenter der her er konstrueret til at måle stjernebanerne,</l>
                <l>her hvor det høje Hven omkranses af det snævre hav, </l>
                <l>ber jeg dig gøre mig den glæde at besøge mig</l>
                <l>så snart det bliver forår og vinteren er borte. </l>
                <l n="285">Det er jeg ikke bange for at bede dig om, for det har du jo allerede har lovet, </l>
                <l>og jeg er ganske sikker på at jeg får ønsket opfyldt. </l>
                <l>Men for nu ikke at holde dig borte fra mere alvorlige sager</l>
                <l>med mine lette distika siger jeg her: lev vel og hav det godt! </l>
                
                </lg>
            <closer rend="center">Uraniborg<lb/>1. januar 1585<lb/>din ærbødige<lb/>TYCHO BRAHE
            </closer>
        </div>
        </body>
    </text>
</TEI>
