<?xml version="1.0" encoding="UTF-8"?>

<TEI xmlns="http://www.tei-c.org/ns/1.0">
    <teiHeader>
        <fileDesc>
            <titleStmt>
                <title>nil</title>
                <author>Tycho Brahe</author>
                <editor role="translator">
                    <name xml:id="pz">
                        <persName>
                            <forename type="first">Peter</forename>
                            <surname>Zeeberg</surname>
                        </persName>
                    </name>
                </editor>
                <funder>Carlsbergfondet</funder>
            </titleStmt>
            <editionStmt>
                <edition/>
            </editionStmt>
            <publicationStmt>
                <publisher>
                    <ref target="https://dsl.dk">Det Danske Sprog- og Litteraturselskab</ref>
                </publisher>
                <pubPlace>København</pubPlace>
                <date>2019</date>
                <idno>nil</idno>
                <idno type="isbn">nil</idno>
                <availability status="restricted">
                    <ab>Copyright © 2019, Danske Sprog- og Litteraturselskab</ab>
                </availability>
            </publicationStmt>
            <sourceDesc>
                <!--<listWit>
                    <witness xml:id="Vellev">
                        <bibl>Jens Vellev, "Et industrianlæg og en votivsten på Hven fra renæssancen. Om Tycho Brahes papirmølle", Renæssanceforum 12, 2017</bibl>
                    </witness>
                    <witness xml:id="TBOO">
                        <bibl><title>Tychonis Brahe Dani Opera Omnia</title>, ed. I.L.E. Dreyer, Tom. VI, Hauniæ 1919, p. 365</bibl>
                    </witness>
                            <physDesc>
                                <objectDesc>
                                    <supportDesc material="paper">
                                        <support>
                                            <ab/>
                                        </support>
                                        <extent>
                                            <dimensions unit="cm">
                                                <height>0</height>
                                                <width>0</width>
                                            </dimensions>
                                        </extent>
                                        <condition>
                                            <ab/>
                                        </condition>
                                    </supportDesc>
                                    <layoutDesc>
                                        <ab/>
                                    </layoutDesc>
                                </objectDesc>
                                <handDesc> <handNote> <ab>empty</ab> </handNote> </handDesc> <additions> <ab>empty</ab> </additions> <sealDesc> <seal> <ab>empty</ab> </seal> </sealDesc><history>
                                <ab></ab>
                            </history>
                </listWit>-->
                <listBibl>
                    <bibl>Jens Vellev, "Et industrianlæg og en votivsten på Hven fra renæssancen. Om Tycho Brahes papirmølle", <title>Renæssanceforum</title> 12, 2017</bibl>
                </listBibl>
            </sourceDesc>
        </fileDesc>
        <profileDesc>
            <creation><date>1592</date></creation>
            <langUsage>
                <language ident="da" />
            </langUsage>
            <textClass>
                <keywords>
                    <term>inskription</term>
                </keywords>
            </textClass>
            <abstract>
                <ab>nil</ab>
            </abstract>
        </profileDesc>
        <revisionDesc>
            <change when="2019-03-12" who="#pz">Filen etableret</change>
        </revisionDesc>
    </teiHeader>
    <text>
        <front/>
        <body><div rend="kap"><pb ed="TBOO" n="VI.365"/>
            <p>Lad os gøre det gode mens vi har tid</p>
            <p>Denne dæmning og papirmølle med alle tilhørende indretninger og de ovenfor anlagte fiskedamme har Tycho Ottesen Brahe til Knutstorp her, hvor der tidligere intet af denne art fandtes, til gavn for sit fædreland, sig selv og sine efterkommere ladet bygge efter egen plan, ved egen indsats og på egen bekostning. Påbegyndt 1590. Færdiggjort 1592</p>
        </div>
        </body>
    </text>
</TEI>
