<?xml version="1.0" encoding="UTF-8"?>

<TEI xmlns="http://www.tei-c.org/ns/1.0">
    <teiHeader>
        <fileDesc>
            <titleStmt>
                <title>Quamvis mortalis</title>
                <author>Tycho Brahe</author>
                <editor>
                    <name xml:id="pz">
                        <persName>
                            <forename type="first">Peter</forename>
                            <surname>Zeeberg</surname>
                        </persName>
                    </name>
                </editor>
                <funder>Carlsbergfondet</funder>
            </titleStmt>
            <editionStmt>
                <edition/>
            </editionStmt>
            <publicationStmt>
                <publisher>
                    <ref target="https://dsl.dk">Det Danske Sprog- og Litteraturselskab</ref>
                </publisher>
                <pubPlace>København</pubPlace>
                <date>2019</date>
                <idno>nil</idno>
                <idno type="isbn">nil</idno>
                <availability status="restricted">
                    <ab>Copyright © 2019, Danske Sprog- og Litteraturselskab</ab>
                </availability>
            </publicationStmt>
            <sourceDesc>
                <listWit>
                    <witness xml:id="A">
                        <msDesc>
                            <msIdentifier>
                        <settlement>Praha</settlement>
                        <repository>nil</repository>
                        <collection>nil</collection>
                        <idno>nil</idno>
                        <msName>handwritten note in a copy of Erasmus Reinhold, Pruthenicæ
                                tabulæ</msName>
                            </msIdentifier>
                        </msDesc>
                    </witness>
                    <witness xml:id="Studnička">
                        <bibl>F.I. Studnička, <title>Bericht üben den astrologischen Studien des
                                Tycho Brahe</title>, Praha 1901, p. 44</bibl></witness>
                    <witness xml:id="TBOO">
                        <bibl><title>Tychonis Brahe Dani Opera Omnia</title>, ed. I.L.E. Dreyer,
                            Tom. IX, Hauniæ 1927, p. 215</bibl></witness>
                </listWit>
                <listBibl>
                    <bibl>empty</bibl>
                </listBibl>
            </sourceDesc>
        </fileDesc>
        <profileDesc>
            <creation><date>unknown</date></creation>
            <langUsage>
                <language ident="la"/>
            </langUsage>
            <textClass>
                <keywords>
                    <term>poesi</term>
                </keywords>
            </textClass>
            <abstract>
                <ab>nil</ab>
            </abstract>
        </profileDesc>
        <revisionDesc>
            <change when="2019-02-02" who="#pz">Filen etableret</change>
            <change when="2019-03-01" who="#pz">Tekst indlagt og korrekturlæst</change>
            <change when="2019-06-28" who="#pz">Tekstkritik indlagt</change>
        </revisionDesc>
    </teiHeader>
    <text>
        <front/>
        <body>
            <div>
                <pb ed="TBOO" n="IX.215"/>
                <lg>
                    <l>QVAMVIS <app><lem>mortalis</lem><rdg><note>corr. ex <q>Humanus</q> in A</note></rdg></app> vescor mortalibus auris </l>
                    <l rend="indent">Et <app><lem>quoque mortali</lem><rdg><note>corr. ex <q>mortali etiam</q> in A</note></rdg></app> conditione premor, </l>
                    <app><lem><l>Cum tamen Astrorum sublimi mente meatus</l>
                    <l rend="indent">Scrutor et Ætherei Mystica fata poli.</l>
                    <l>Haud ego mortalis neque mens in corpore sorde</l>
                    <l rend="indent">Mortali aut terræ pes mihi tangit humum,</l>
                    <l>Sed sublime polo caput vltra nubila tollo</l>
                    <l rend="indent">Ambrosiaque Deûm cum Ioue rege fruor.</l></lem><rdg><note>corr. ex <q>Attamen æternos quos seruant Sydera motus / Cum uoluo et meditor Mystica fata poli, / Non terræ insisto ast caput inter nubila condens / Ambrosia in cœlo cum Ioue sæpe fruor</q> in A</note></rdg></app>
                </lg>
            </div>
        </body>
    </text>
</TEI>
