<?xml version="1.0" encoding="UTF-8"?>

<TEI xmlns="http://www.tei-c.org/ns/1.0">
    <teiHeader>
        <fileDesc>
            <titleStmt>
                <title>Stallarum inerrantium restitutio</title>
                <author>Tycho Brahe</author>
                <editor>
                    <name xml:id="pz">
                        <persName>
                            <forename type="first">Peter</forename>
                            <surname>Zeeberg</surname>
                        </persName>
                    </name>
                </editor>
                <funder>Carlsbergfondet</funder>
            </titleStmt>
            <editionStmt>
                <edition/>
            </editionStmt>
            <publicationStmt>
                <publisher>
                    <ref target="https://dsl.dk">Det Danske Sprog- og Litteraturselskab</ref>
                </publisher>
                <pubPlace>København</pubPlace>
                <date>2019</date>
                <idno>nil</idno>
                <idno type="isbn">nil</idno>
                <availability status="restricted">
                    <ab>Copyright © 2019, Danske Sprog- og Litteraturselskab</ab>
                </availability>
            </publicationStmt>
            <sourceDesc>
                <listWit>
                    <witness xml:id="A">
                        <msDesc>
                            <msIdentifier>
                                <settlement>København</settlement>
                                <repository>Det Kongelige Bibliotek</repository>
                                <collection>Gamle Kongelige Samling</collection>
                                <idno>306 2do</idno>
                                <msName>empty</msName>
                            </msIdentifier></msDesc></witness>  
                    <witness xml:id="B">
                                        <msDesc>
                                            <msIdentifier>
                                                <settlement>København</settlement>
                                                <repository>Det Kongelige Bibliotek</repository>
                                                <collection>Gamle Kongelige Samling</collection>
                                                <idno>307 2do</idno>
                                                <msName>empty</msName>
                                            </msIdentifier></msDesc></witness>
                    <witness xml:id="C">
                                <msDesc>
                                    <msIdentifier>
                                        <settlement>København</settlement>
                                        <repository>Det Kongelige Bibliotek</repository>
                                        <collection>empty</collection>
                                        <idno>empty</idno>
                                        <msName>exemplum exemplo cuidam Tychonis Astronomiæ instauratæ mechanicæ alligatum</msName>
                                    </msIdentifier></msDesc></witness> 
                    <witness xml:id="D">
                                        <msDesc>
                                            <msIdentifier>
                                                <settlement>Oxford</settlement>
                                                <repository>Bodleian Library</repository>
                                                <collection>empty</collection>
                                                <idno>Arch. Bodl. D. 32</idno>
                                                <msName>exemplum exemplo cuidam Tychonis Astronomiæ instauratæ mechanicæ alligatum</msName>
                                            </msIdentifier></msDesc></witness>
                    <witness xml:id="E">
                        <bibl>Johannes Kepler <title>Tabulæ Rudolphinæ</title>, Ulm 1627</bibl></witness>
                    <witness xml:id="F">
                        <bibl>Pierre Gassendi <title>Tychonis Brahei vita</title>, Paris 1654</bibl></witness>
                    <witness xml:id="TBOO">
                        <bibl><title>Tychonis Brahe Dani Opera Omnia</title>, ed. I.L.E. Dreyer, Tom. I, Hauniæ 1916, p. 333-377</bibl></witness>
                            <!--<physDesc>
                                <objectDesc>
                                    <supportDesc material="paper">
                                        <support>
                                            <ab/>
                                        </support>
                                        <extent>
                                            <dimensions unit="cm">
                                                <height>0</height>
                                                <width>0</width>
                                            </dimensions>
                                        </extent>
                                        <condition>
                                            <ab/>
                                        </condition>
                                    </supportDesc>
                                    <layoutDesc>
                                        <ab/>
                                    </layoutDesc>
                                </objectDesc>
                                <handDesc> <handNote> <ab>empty</ab> </handNote> </handDesc> <additions> <ab>empty</ab> </additions> <sealDesc> <seal> <ab>empty</ab> </seal> </sealDesc><history>
                                <ab></ab>
                            </history>-->
                </listWit>
                <listBibl>
                    <bibl>empty</bibl>
                </listBibl>
            </sourceDesc>
        </fileDesc>
        <profileDesc>
        <creation><date>1598</date></creation>
        <langUsage>
            <language ident="la" />
        </langUsage>
            <textClass>
                <keywords>
                    <term>astronomi</term>
                </keywords>
            </textClass>
            <abstract>
                <ab>nil</ab>
            </abstract>
        </profileDesc>
        <revisionDesc>
            <change when="2019-02-04" who="#pz">Filen etableret</change>
        </revisionDesc>
    </teiHeader>
    <text>
        <front/>
        <body>
            <p>Test</p>
        </body>
    </text>
</TEI>
