<?xml version="1.0" encoding="UTF-8"?>

<TEI xmlns="http://www.tei-c.org/ns/1.0">
    <teiHeader>
        <fileDesc>
            <titleStmt>
                <title>Supra januam novi laboratorii in eadem arce Benatica</title>
                <author>Tycho Brahe</author>
                <editor>
                    <name xml:id="pz">
                        <persName>
                            <forename type="first">Peter</forename>
                            <surname>Zeeberg</surname>
                        </persName>
                    </name>
                </editor>
                <funder>Carlsbergfondet</funder>
            </titleStmt>
            <editionStmt>
                <edition/>
            </editionStmt>
            <publicationStmt>
                <publisher>
                    <ref target="https://dsl.dk">Det Danske Sprog- og Litteraturselskab</ref>
                </publisher>
                <pubPlace>København</pubPlace>
                <date>2019</date>
                <idno>nil</idno>
                <idno type="isbn">nil</idno>
                <availability status="restricted">
                    <ab>Copyright © 2019, Danske Sprog- og Litteraturselskab</ab>
                </availability>
            </publicationStmt>
            <sourceDesc>
                <listWit>
                        <witness xml:id="A">
                    <msDesc>
                        <msIdentifier>
                            <settlement>Wien</settlement>
                            <repository>Österreichische Staatsbibliothek</repository>
                            <collection>empty</collection>
                            <idno>cod. Vindob. lat. 10686.6</idno>
                            <msName>empty</msName>
                        </msIdentifier>
                    </msDesc>
                    </witness>
                    <witness xml:id="B">
                        <msDesc>
                            <msIdentifier>
                        <settlement>Wien</settlement>
                        <repository>Österreichische Staatsbibliothek</repository>
                        <collection>empty</collection>
                        <idno>cod. Vindob. lat. 10707, p. 158r</idno>
                        <msName>empty</msName>
                            </msIdentifier>
                        </msDesc>
                    </witness>
                    <witness xml:id="TBOO">
                        <bibl><title>Tychonis Brahe Dani Opera Omnia</title>, ed. I.L.E. Dreyer, Tom. IX, Hauniæ 1927, p. 214</bibl></witness>
                </listWit>
                <listBibl>
                    <bibl>empty</bibl>
                </listBibl>
            </sourceDesc>
        </fileDesc>
        <profileDesc>
            <creation><date>1599 (c.)</date></creation>
            <langUsage>
                <language ident="la" />
            </langUsage>
            <textClass>
                <keywords>
                    <term>poesi</term>
                </keywords>
            </textClass>
            <abstract>
                <ab>nil</ab>
            </abstract>
        </profileDesc>
        <revisionDesc>
            <change when="2019-02-02" who="#pz">Filen etableret</change>
        </revisionDesc>
    </teiHeader>
    <text>
        <front/>
        <body>
            <div><head>SUPRA IANUAM NOVI LABORATORII <app><lem>IN EADEM ARCE BENATICA</lem><rdg><note>del. in A</note></rdg></app>.</head>
                <lg><l>Pyronomæ secreta Artis, quæ Terrea versat,</l> 
                    <l rend="indent">Ætheris astriferi viribus <app><lem wit="A">æquipara</lem><rdg wit="B">analoga</rdg></app>,</l>
                        <l>Huc quoque RUDOLPHI traduxit cura SECUNDI, </l> 
                    <l rend="indent"><app><lem>Hæc alijs pariter dum</lem><rdg><note>corr. ex <q>Dum pariter Danis hæc</q> in A; epistula Keplero missa 9. dec. 1599 praebet <q>Dum simul Arctois hæc</q></note></rdg></app> reprobata forent.</l>
                        <l>Ergo illi ut superus modo se manifestat Olympus,</l> 
                        <l rend="indent">Sic reseret gazas infima Terra suas.</l>
                        <l>Felix in Terris CÆSAR, super Æthera felix, </l>
                        <l rend="indent">Ætheris et Terræ cui sacra bina patent.</l></lg>
                <closer>T. B. F.</closer></div>
        </body>
    </text>
</TEI>
