<?xml version="1.0" encoding="UTF-8"?>

<TEI xmlns="http://www.tei-c.org/ns/1.0">
    <teiHeader>
        <fileDesc>
            <titleStmt>
                <title>Typographiæ et al.</title>
                <author>Tycho Brahe</author>
                <editor>
                    <name xml:id="pz">
                        <persName>
                            <forename type="first">Peter</forename>
                            <surname>Zeeberg</surname>
                        </persName>
                    </name>
                </editor>
                <funder>Carlsbergfondet</funder>
            </titleStmt>
            <editionStmt>
                <edition/>
            </editionStmt>
            <publicationStmt>
                <publisher>
                    <ref target="https://dsl.dk">Det Danske Sprog- og Litteraturselskab</ref>
                </publisher>
                <pubPlace>København</pubPlace>
                <date>2019</date>
                <idno>nil</idno>
                <idno type="isbn">nil</idno>
                <availability status="restricted">
                    <ab>Copyright © 2019, Danske Sprog- og Litteraturselskab</ab>
                </availability>
            </publicationStmt>
            <sourceDesc>
                <listWit>
                        <witness xml:id="A">
                                <bibl>P.J. Resen, <title>Inscriptiones Haffnienses</title>, Hauniæ 1668, p. 333 sqq.</bibl>
                            </witness>
                            <!--<physDesc>
                                <objectDesc>
                                    <supportDesc material="paper">
                                        <support>
                                            <ab/>
                                        </support>
                                        <extent>
                                            <dimensions unit="cm">
                                                <height>0</height>
                                                <width>0</width>
                                            </dimensions>
                                        </extent>
                                        <condition>
                                            <ab/>
                                        </condition>
                                    </supportDesc>
                                    <layoutDesc>
                                        <ab/>
                                    </layoutDesc>
                                </objectDesc>
                                <handDesc> <handNote> <ab>empty</ab> </handNote> </handDesc> <additions> <ab>empty</ab> </additions> <sealDesc> <seal> <ab>empty</ab> </seal> </sealDesc><history>
                                <ab></ab>
                            </history>-->
                    <witness xml:id="TBOO">
                        <bibl><title>Tychonis Brahe Dani Opera Omnia</title>, ed. I.L.E. Dreyer, Tom. IX, Hauniæ 1927, p. 175</bibl></witness>
                </listWit>
                <listBibl>
                    <bibl>empty</bibl>
                </listBibl>
            </sourceDesc>
        </fileDesc>
        <profileDesc>
            <creation><date>1580 (c.)</date></creation>
            <langUsage>
                <language ident="la" />
            </langUsage>
            <textClass>
                <keywords>
                    <term>poesi</term>
                </keywords>
            </textClass>
            <abstract>
                <ab>nil</ab>
            </abstract>
        </profileDesc>
        <revisionDesc>
            <change when="2019-02-01" who="#pz">Filen etableret</change>
            <change when="2019-02-11" who="#pz">tekst importeret</change>
            <change when="2019-02-22" who="#pz">tekst korrekturlæst efter TBOO</change>
        </revisionDesc>
    </teiHeader>
    <text>
        <front/>
        <body><div><pb ed="TBOO" n="IX.175"/>
            <head>TYPOGRAPHIÆ</head>
            <lg><l>URANIÆ ingenuo et celso molimine parte</l>
                <l rend="indent">Imprimeris manuum sic ne labore labos?</l>
                <l>I mundique diu vasti pete Regna, superstes</l>
                <l rend="indent">Successus tribuat conditor Uraniων.</l></lg>
        </div>
            <div>
                <head>CIRCA EFFIGIEM TYCHONIS.</head>
                <lg><l>HIC patet exterior Tychonis forma Brahei:</l>
                    <l rend="indent">Pulchrius eniteat, quae latet interior.</l></lg>
            </div>
            <div>
                <head>CIRCA ARMA TYCHONIS</head>
                <lg><l>ARMA, genus, fundi pereunt: durabile virtus</l>
                    <l rend="indent">Et doctrina decus nobilitatis habent.</l>
                </lg>
            </div>
        </body>
        
    </text>
</TEI>
