<?xml version="1.0" encoding="UTF-8"?>

<TEI xmlns="http://www.tei-c.org/ns/1.0">
    <teiHeader>
        <fileDesc>
            <titleStmt>
                <title>nil</title>
                <author>Tycho Brahe</author>
                <editor>
                    <name xml:id="pz">
                        <persName>
                            <forename type="first">Peter</forename>
                            <surname>Zeeberg</surname>
                        </persName>
                    </name>
                </editor>
                <funder>Carlsbergfondet</funder>
            </titleStmt>
            <editionStmt>
                <edition/>
            </editionStmt>
            <publicationStmt>
                <publisher>
                    <ref target="https://dsl.dk">Det Danske Sprog- og Litteraturselskab</ref>
                </publisher>
                <pubPlace>København</pubPlace>
                <date>2019</date>
                <idno>nil</idno>
                <idno type="isbn">nil</idno>
                <availability status="restricted">
                    <ab>Copyright © 2019, Danske Sprog- og Litteraturselskab</ab>
                </availability>
            </publicationStmt>
            <sourceDesc>
                <listWit>
                    <witness xml:id="A">
                        <msDesc>
                            <msIdentifier>
                                <settlement>Wien</settlement>
                                <repository>Österreichische Staatsbibliothek</repository>
                                <collection>empty</collection>
                                <idno>cod. Vindob. lat. 10686.7</idno>
                                <msName>empty</msName>
                            </msIdentifier>
                        </msDesc></witness>
                    <witness xml:id="B">
                        <msDesc>
                            <msIdentifier>
                                <settlement>Wien</settlement>
                                <repository>Österreichische Staatsbibliothek</repository>
                                <collection>empty</collection>
                                <idno>cod. Vindob. lat. 10686.66</idno>
                                <msName>empty</msName>
                            </msIdentifier>
                        </msDesc></witness>
                    <witness xml:id="TBOO">
                        <bibl><title>Tychonis Brahe Dani Opera Omnia</title>, ed. I.L.E. Dreyer,
                            Tom. VII, Hauniæ 1924, p. 9-10</bibl>
                    </witness>
                    <!--<physDesc>
                                <objectDesc>
                                    <supportDesc material="paper">
                                        <support>
                                            <ab/>
                                        </support>
                                        <extent>
                                            <dimensions unit="cm">
                                                <height>0</height>
                                                <width>0</width>
                                            </dimensions>
                                        </extent>
                                        <condition>
                                            <ab/>
                                        </condition>
                                    </supportDesc>
                                    <layoutDesc>
                                        <ab/>
                                    </layoutDesc>
                                </objectDesc>
                                <handDesc> <handNote> <ab>empty</ab> </handNote> </handDesc> <additions> <ab>empty</ab> </additions> <sealDesc> <seal> <ab>empty</ab> </seal> </sealDesc><history>
                                <ab></ab>
                            </history>-->
                </listWit>
                <listBibl>
                    <bibl>empty</bibl>
                </listBibl>
            </sourceDesc>
        </fileDesc>
        <profileDesc>
            <correspDesc>
                <correspAction type="sent">
                    <persName>Tycho Brahe</persName>
                    <placeName>Herrevad</placeName>
                    <date when="1572-05-17"/>
                </correspAction>
                <correspAction type="received">
                    <persName>HJohannes Pratensis</persName>
                    <placeName>empty</placeName>
                </correspAction>
            </correspDesc>
            <creation><date>1572-05-17</date></creation>
            <langUsage>
                <language ident="la"/>
            </langUsage>
            <textClass>
                <keywords>
                    <term>brev</term>
                </keywords>
            </textClass>
            <abstract>
                <ab>nil</ab>
            </abstract>
        </profileDesc>
        <revisionDesc>
            <change when="2019-03-13" who="#pz">Filen etableret</change>
        </revisionDesc>
    </teiHeader>
    <text>
        <front/>
        <body>
            <div>
                <pb ed="TBOO" n="VII.9"/>
                <p><app>
                        <lem wit="B">Sequitur mea responsio, quæ carmine conatat endecasyllabico
                            instar prosæ consignato.</lem>
                        <rdg><note>tantum in B</note></rdg>
                    </app></p>
            </div>
            <div>
                <pb ed="A" n="1v"/>
                <!-- i B indledt med:  -->
                <opener>DOCTORI MEDICO <persName ref="Pratensis">JOHAN. PRATENSI</persName>,
                    <lb/>IMPRIMISQUE SUO COLENDO AMICO. <lb/>VULCANUM, URANIAM, JOVEM FAVENTES </opener>
                <p>SERVUS noster, ut est domum reversus, asportavit epi<pb ed="A" n="2r"/>stolam
                    remissam a te, chare PRATENSIS, qua relecta, dici vix ego credo posse, quanta
                    nobis hinc animi fuit voluptas. Namque hæc abditiore visa vere est rerum
                    cognitione plena, plusque antiquæ sophiæ tenere, quam nunc suetum est (proh
                    dolor) in scholis doceri. Sed nemo tamen invidebit illis, spero, Barbariem
                    merasque nugas, quas nunc dulcibus intulêre Musis. Namque hunc quis revocabit?
                    quis reducet? Monstrabitne viam, suapte si quis mavult sponte via carere vera.
                    Sed tu, docte PRATENSIS, nil moratus illos (ut facis) altiora scande, et Terræ
                    simul et Poli supernos perlustrans aditus labore suavi, vulgo subtrahe te caduca
                    temnens. Major gloria namque rebus altis debetur, nec habent pusilla laudem.
                    Quid cessas? remoras habere nullas mens prognata polo potest, sed illa sublimis
                    penetrat domos Deorum, libans Ambrosiam et suave nectar, quod dijs Jupiter ipse
                    miscet, et dijs (si qui sunt) genitis simul ministrat etc. Sed cur digredior,
                    mororve multis? </p>
                <lg>
                    <l>Præstat nunc, ut epistolæ tuæ remittam </l>
                    <l>responsum, brevibus quod his habeto. </l>
                </lg>
                <p>Imperterritus ille Danus ad me quamprimum fuerit reversus illinc, mox se conferat
                    huc iubeto, huncque præsentem cupio videre præsens, et cognoscere num sit aptus
                    ille nostris moribus, et quid ipse sese facturum statuat, velitne furnis
                    inservire meis fovens labores Vulcani et studijs vacare nostris, mecumque perque
                    aliquod manere tempus. Tum demum statuam, quid inde fiet. </p>
                <l>De Nymphis etiam scias, PRATENSIS,</l>
                <p>illas me spoliasse sat revera Alnis quercubus et suis capillis. Verum quod spolia
                    illa non fuêre ad vos hactenus, ut decet, relata, in causa est Dea quæ vocatur
                    Alma, et frugum genetrix Ceres, quod illa cernens præ foribus suos labores
                    instare, agricolas iuvare causam Nympharum vetuit, simul minata, se non
                    propitiam futuram in illud tempus, quando solet venire messis, si Nymphas
                    colerent diebus illis, quos <pb ed="TBOO" n="VII.10"/>sacros Cereri dedit
                    vetustas. Coguntur miseri parere Divæ, quæ fructus tribuit Soli quotannis.
                    Silvestres potius volunt vocare Nymphas, quam Cereris carere donis.</p>
                <p rend="indent">Ast quando fuerint peracta sacra, quæ nunc frugiferæ Deæ celebrant, Nymphas
                    agricolæ iuvare debent, vel si forte alicui <pb ed="A" n="2v"/>interesse sacris
                    (ut sit) displicet, otiosus ille Nympharum spolijs onustus ad vos mittetur,
                    faciam ut ferat ferenda. Sed nunc scribere plura vix vacabit. Ergo chare
                    PRATENSIS, valeto. Et cum sis medicus, valere semper ut possis, facile est:
                    saluta amicos. Fac me posse cucurbitas habere, quas vestrum figulum parare nobis
                    (ut spero) impiger <persName>ANDREAS</persName> procurat. Dicas huic etiam
                    precor salutem. <placeName ref="Herrevad">Herizuad.</placeName> 17. Maij Anno
                    1572. </p>
                <p>Tycho Brahe<lb/>tibi dedicatus</p>
            </div>
            <div>
                <p><app>
                        <lem wit="B">Responsio ad has interijt, verum quæ sequitur, est ad alias
                            quasdam, quæ non sunt in promptu.</lem>
                        <rdg><note>tantum in B</note></rdg>
                    </app></p>
            </div>
        </body>
    </text>
</TEI>
