<?xml version="1.0" encoding="UTF-8"?>

<TEI xmlns="http://www.tei-c.org/ns/1.0">
    <teiHeader>
        <fileDesc>
            <titleStmt>
                <title>nil</title>
                <author>Johannes Major</author>
                <editor>
                    <name xml:id="pz">
                        <persName>
                            <forename type="first">Peter</forename>
                            <surname>Zeeberg</surname>
                        </persName>
                    </name>
                </editor>
                <funder>Carlsbergfondet</funder>
            </titleStmt>
            <editionStmt>
                <edition/>
            </editionStmt>
            <publicationStmt>
                <publisher>
                    <ref target="https://dsl.dk">Det Danske Sprog- og Litteraturselskab</ref>
                </publisher>
                <pubPlace>København</pubPlace>
                <date>2019</date>
                <idno>nil</idno>
                <idno type="isbn">nil</idno>
                <availability status="restricted">
                    <ab>Copyright © 2019, Danske Sprog- og Litteraturselskab</ab>
                </availability>
            </publicationStmt>
            <sourceDesc>
                <listWit>
                    <witness xml:id="A">
                        <msDesc>
                            <msIdentifier>
                                <settlement>Wien</settlement>
                                <repository>Österreichische Staatsbibliothek</repository>
                                <collection>empty</collection>
                                <idno>cod. Vindob. lat. 10686.66</idno>
                                <msName>empty</msName>
                            </msIdentifier>
                        </msDesc></witness>
                    <witness xml:id="TBOO">
                        <bibl><title>Tychonis Brahe Dani Opera Omnia</title>, ed. I.L.E. Dreyer,
                            Tom. VII, Hauniæ 1924, p. 13-14</bibl>
                    </witness>
                    <!--<physDesc>
                                <objectDesc>
                                    <supportDesc material="paper">
                                        <support>
                                            <ab/>
                                        </support>
                                        <extent>
                                            <dimensions unit="cm">
                                                <height>0</height>
                                                <width>0</width>
                                            </dimensions>
                                        </extent>
                                        <condition>
                                            <ab/>
                                        </condition>
                                    </supportDesc>
                                    <layoutDesc>
                                        <ab/>
                                    </layoutDesc>
                                </objectDesc>
                                <handDesc> <handNote> <ab>empty</ab> </handNote> </handDesc> <additions> <ab>empty</ab> </additions> <sealDesc> <seal> <ab>empty</ab> </seal> </sealDesc><history>
                                <ab></ab>
                            </history>-->
                </listWit>
                <listBibl>
                    <bibl>empty</bibl>
                </listBibl>
            </sourceDesc>
        </fileDesc>
        <profileDesc>
            <correspDesc>
                <correspAction type="sent">
                    <persName>Johannes Major</persName>
                    <placeName>Augsburg</placeName>
                    <date when="1573-07-01"/>
                </correspAction>
                <correspAction type="received">
                    <persName>Tycho Brahe</persName>
                    <placeName>empty</placeName>
                </correspAction>
            </correspDesc>
            <creation><date>1573-07-01</date></creation>
            <langUsage>
                <language ident="la"/>
            </langUsage>
            <textClass>
                <keywords>
                    <term>brev</term>
                </keywords>
            </textClass>
            <abstract>
                <ab>nil</ab>
            </abstract>
        </profileDesc>
        <revisionDesc>
            <change when="2019-03-14" who="#pz">Filen etableret</change>
        </revisionDesc>
    </teiHeader>
    <text>
        <body>
            <div>
                <pb ed="TBOO" n="VII.13"/>
                <pb ed="A" n="73v"/>
                <opener>NOBILISSIMO DOCTRINAQUE ET VIRTUTIBUS PRÆSTANTISSIMO D. TYCHONI BRAHE OTTONIDI
                    DANO, IN CURIA KNUDSTRUP, DOMINO ET AMICO SUO PLURIMUM COLENDO. S. </opener>
                <p>AFFINEM meum, Generose Domine TYCHO, in patriam suam discedentem, absque meis
                    literis ad te venire nolui: cum quod scirem, amicorum plurimi te facientium
                    literas tibi non ingratas fore: tum quod vehementer ex te scire desiderem, quid
                    de novo illo ante aliquot menses exorto sidere sentias. Mirum est, quanta sit
                    doctissimorum et in hac arte exercitatissimorum virorum discrepans sententia.
                    Nam alij (ut de materia non dicam) Cometam appellare volunt, alij stellam
                    propter speciem apparentem: alij mediam quandam naturam habere asserunt. Italus
                    quidam (nomen eius excidit) hoc sidus non novum, sed unum esse ex numero
                    Cassiopeæ, lumine miraculose illustrat© et accenso, acerrime contendit, scripto
                    in publicum edito, et senatui Veneto dedicato. Præterea de distantia eius a
                    Terra magna est controversia. Alij enim id in elementarem regionem collocant, ex
                    quorum numero noster D. <persName ref="Hainzel, Paul">PAULUS
                        HAINZELIUS</persName> est. Alij in ætheream regionem, quorum opinioni
                    astipulator D. <persName ref="Peucer, Caspar">PEUCERUS</persName>, <persName
                        ref="Apianus, Petrus">APIANUS</persName>, <persName
                        ref="Wilhelm, Landgrave of Hessen">Landgravius Hassiæ</persName>, et alij,
                    qui tamen et in hoc dissentiunt, ut alij supra Lunam, alij supra Venerem, imo
                    alij in primum Mobile collocare non dubitent, freti observationibus
                    instrumentorum, doctrinæ parallaxeos, et Triangulorum. Sed quomodo una eademque
                    doctrina ex firmis demonstrationibus extructa, potest artifices adeo incertos
                    reddere, <pb ed="A" n="74r"/>ut ita dissentiant? Hæc velim explices, et quid de
                    hac re statuas, per occasionem, etiam propter communia studia literis
                    significare ne graveris, te etiam atque etiam rogo. Id si feceris, erit mihi tam
                    gratum, quam quod gratissimum, quod etiam tanquam testem studij et amoris tui
                    erga me in perpetuum conservabo. Utinam hisce temporibus una <pb ed="TBOO"
                        n="VII.14"/>vixissemus, ut observationis modum ex te cognoscere potuissem:
                    qua in re nihil mihi gratius contigisset. Sed optando quid consequi possim, non
                    video. Amissa bona plerunque desiderantur, id quod non mea, sed temporis culpa
                    factum video fato quodam. Præsens ergo status boni consulend<!--u-->s erit. Tu
                    interim feliciter in Domino vale. Datæ <placeName ref="Augsburg">Augustæ
                        Rheticæ</placeName> Calendis Iulij 1573 </p>
                <p>T. E.<lb/>Deditiss. et studiosiss.<lb/><persName ref="Major, Johannes">IOHANNES
                        MAIOR</persName></p>
            </div>
        </body>
    </text>
</TEI>
