<?xml version="1.0" encoding="UTF-8"?>

<TEI xmlns="http://www.tei-c.org/ns/1.0">
    <teiHeader>
        <fileDesc>
            <titleStmt>
                <title>nil</title>
                <author>Heinrich Brucaeus</author>
                <editor>
                    <name xml:id="pz">
                        <persName>
                            <forename type="first">Peter</forename>
                            <surname>Zeeberg</surname>
                        </persName>
                    </name>
                </editor>
                <funder>Carlsbergfondet</funder>
            </titleStmt>
            <editionStmt>
                <edition/>
            </editionStmt>
            <publicationStmt>
                <publisher>
                    <ref target="https://dsl.dk">Det Danske Sprog- og Litteraturselskab</ref>
                </publisher>
                <pubPlace>København</pubPlace>
                <date>2019</date>
                <idno>nil</idno>
                <idno type="isbn">nil</idno>
                <availability status="restricted">
                    <ab>Copyright © 2019, Danske Sprog- og Litteraturselskab</ab>
                </availability>
            </publicationStmt>
            <sourceDesc>
                <listWit>
                    <witness xml:id="A">
                        <msDesc>
                            <msIdentifier>
                                <settlement>Wien</settlement>
                                <repository>Österreichische Staatsbibliothek</repository>
                                <collection>empty</collection>
                                <idno>cod. Vindob. lat. 10686.66</idno>
                                <msName>empty</msName>
                            </msIdentifier>
                        </msDesc></witness>
                    <witness xml:id="TBOO">
                        <bibl><title>Tychonis Brahe Dani Opera Omnia</title>, ed. I.L.E. Dreyer,
                            Tom. VII, Hauniæ 1924, p. 33-34</bibl>
                    </witness>
                    <!--<physDesc>
                                <objectDesc>
                                    <supportDesc material="paper">
                                        <support>
                                            <ab/>
                                        </support>
                                        <extent>
                                            <dimensions unit="cm">
                                                <height>0</height>
                                                <width>0</width>
                                            </dimensions>
                                        </extent>
                                        <condition>
                                            <ab/>
                                        </condition>
                                    </supportDesc>
                                    <layoutDesc>
                                        <ab/>
                                    </layoutDesc>
                                </objectDesc>
                                <handDesc> <handNote> <ab>empty</ab> </handNote> </handDesc> <additions> <ab>empty</ab> </additions> <sealDesc> <seal> <ab>empty</ab> </seal> </sealDesc><history>
                                <ab></ab>
                            </history>-->
                </listWit>
                <listBibl>
                    <bibl>empty</bibl>
                </listBibl>
            </sourceDesc>
        </fileDesc>
        <profileDesc>
            <correspDesc>
                <correspAction type="sent">
                    <persName>Heinrich Brucaeus</persName>
                    <placeName>Rostock</placeName>
                    <date when="1576-05-14"/>
                </correspAction>
                <correspAction type="received">
                    <persName>Tycho Brahe</persName>
                    <placeName>empty</placeName>
                </correspAction>
            </correspDesc>
            <creation><date>1576-05-14</date></creation>
            <langUsage>
                <language ident="la"/>
            </langUsage>
            <textClass>
                <keywords>
                    <term>brev</term>
                </keywords>
            </textClass>
            <abstract>
                <ab>nil</ab>
            </abstract>
        </profileDesc>
        <revisionDesc>
            <change when="2019-03-15" who="#pz">Filen etableret</change>
        </revisionDesc>
    </teiHeader>
    <text>
        <front/>
        <body>
            <div>
                <opener><pb ed="TBOO" n="VII.33"/><pb ed="A" n="78v"/> NOBILISSIMO CLARISSIMOQUE VIRO
                    D. TYCHONI BRAHE, MATHEMATICO EXIMIO, DOMINO ET AMICO OBSERVANDO.</opener>
                <p>LITERIS tuis, nobilissime, amantissime Domine TYCHO, nihil mihi fuit charius.
                    Ioachimicos accepi a D. <persName ref="Battus, Levinus">LEVINO</persName>. Chirographum adhuc apud me delitescit sine
                    fraude et dolo. <persName ref="Omenius">OMELIJ</persName> de Horologijs sciotericis partem, quam commodato ceperam,
                    remisi, feceris mihi rem pergratam, si reliquam partem mittas. Detinueram apud
                    me propositiones aliquot Græce conscriptas, has, ne quicquam desideres, remitto.
                    Quod vero scribis te in observationes cœlestium motuum sedulo incubiturum, non
                    possum non probare, cum animum sis consecutus ad ea studia sua sponte
                    inflammatum, et qui laboribus non deterrentur, quique in rebus præclaris et a
                    communi ingeniorum captu semotis laudabile iudicat studium suum posuisse. Utinam
                    ipsum cœlum non plane oppugnet tuos labores, aptius ad p[rui]narum, imbrium,
                    nivium, grandium, Septentrionis, Cori Boreæque flatium, et aliarum, quæ in
                    sublimi fiunt, impressionum considerationem. Vulcano accommodata magis sedes,
                    cui materiam copiosam suppeditat, in qua se exerceat. His lapis ille multis
                    decantatus plerisque omnibus frustra quæsitus investigandus potius, quam in
                    cœlo, quod raro in oculos incurrit, siderum motus perscrutandi. Nos hîc te
                    expectamus, nec sine libris aliquot non passim obvijs. Si quos habeas <persName ref="Jordanes">IORDANI</persName>
                    aut <persName ref="Regiomontanus">REGIOMONTANI</persName> nondum editos, <placeName ref="Nürnberg">Norimbergæ</placeName> a te emptos unâ tecum afferas. Quod si
                    <persName ref="Copernicus">COPERNICUM</persName> <persName ref="Wolfgang">WOLPHGANG</persName> piæ memoriæ, nactus es, hic sit tantum itineris comes. Ita
                    enim iudico, <persName ref="Frederik 2.">Regem</persName> in Germaniam iter instituentem comitaberis, cuius beneficio,
                    quod felix et faustum sit, intelligo, te Dominum Insulæ factum, e qua
                    quaquaversum, montibus non objectis, cœlum prospicere liceat: Macte animo, quo
                    tua te virtus vocat. Nos curta supellex et res angusta domi hactenus humi
                    depressos detinuit, brevi forte emersuros. Cum apud nos esses, petij, ut quæ in morbo <pb
                        ed="nil" n="79r"/>caduco tibi essent nota, de
                    usu medicamentorum ad affectum facientium, communicares, id hunc ob repentinum
                    discessum minime licuit. Hoc si nunc feceris, plurimum me tibi devinxeris. Cum
                    autem ad tres fere differentias possit deduci, quando scilicet ipsum cerebrum
                    primario laborat, aut aliquod viscus, ut uterus, ventriculus, lien, et si quod
                    sit aliud, aut e partibus remotioribus, ut manibus pedibusve, aura quædam caput
                    petit. Peterem in singulis propriam rationem, si quæ sit, aut universalem
                    omnibus, si unus est in omnibus curandi modus. Aut quid omnibus commune, quid
                    singulis peculiare. <pb ed="TBOO" n="VII.34"/>Non dubito pro animi tui candore et amore mutuo,
                    candide omnia communicaturum. Bene vale. <placeName ref="ostock">Rostochij</placeName> XIV Maij anno 1576.</p>
                <p><persName ref="Brucaeus, Heinrich">Henricus Brucæus</persName><lb/>plane tuus.</p>
            </div>
        </body>
    </text>
</TEI>
