<?xml version="1.0" encoding="UTF-8"?>

<TEI xmlns="http://www.tei-c.org/ns/1.0">
    <teiHeader>
        <fileDesc>
            <titleStmt>
                <title>nil</title>
                <author>Charles de Dançay</author>
                <editor>
                    <name xml:id="pz">
                        <persName>
                            <forename type="first">Peter</forename>
                            <surname>Zeeberg</surname>
                        </persName>
                    </name>
                </editor>
                <funder>Carlsbergfondet</funder>
            </titleStmt>
            <editionStmt>
                <edition/>
            </editionStmt>
            <publicationStmt>
                <publisher>
                    <ref target="https://dsl.dk">Det Danske Sprog- og Litteraturselskab</ref>
                </publisher>
                <pubPlace>København</pubPlace>
                <date>2019</date>
                <idno>nil</idno>
                <idno type="isbn">nil</idno>
                <availability status="restricted">
                    <ab>Copyright © 2019, Danske Sprog- og Litteraturselskab</ab>
                </availability>
            </publicationStmt>
            <sourceDesc>
                <listWit>
                    <witness xml:id="A">
                        <msDesc>
                            <msIdentifier>
                                <settlement>Wien</settlement>
                                <repository>Österreichische Staatsbibliothek</repository>
                                <collection>empty</collection>
                                <idno>cod. Vindob. lat. 10686.7</idno>
                                <msName>empty</msName>
                            </msIdentifier>
                        </msDesc></witness>
                    <witness xml:id="B">
                        <msDesc>
                            <msIdentifier>
                                <settlement>Wien</settlement>
                                <repository>Österreichische Staatsbibliothek</repository>
                                <collection>empty</collection>
                                <idno>cod. Vindob. lat. 10686.66</idno>
                                <msName>empty</msName>
                            </msIdentifier>
                        </msDesc></witness>
                    <witness xml:id="TBOO">
                        <bibl><title>Tychonis Brahe Dani Opera Omnia</title>, ed. I.L.E. Dreyer,
                            Tom. VII, Hauniæ 1924, p. 35</bibl>
                    </witness>
                    <!--<physDesc>
                                <objectDesc>
                                    <supportDesc material="paper">
                                        <support>
                                            <ab/>
                                        </support>
                                        <extent>
                                            <dimensions unit="cm">
                                                <height>0</height>
                                                <width>0</width>
                                            </dimensions>
                                        </extent>
                                        <condition>
                                            <ab/>
                                        </condition>
                                    </supportDesc>
                                    <layoutDesc>
                                        <ab/>
                                    </layoutDesc>
                                </objectDesc>
                                <handDesc> <handNote> <ab>empty</ab> </handNote> </handDesc> <additions> <ab>empty</ab> </additions> <sealDesc> <seal> <ab>empty</ab> </seal> </sealDesc><history>
                                <ab></ab>
                            </history>-->
                </listWit>
                <listBibl>
                    <bibl>empty</bibl>
                </listBibl>
            </sourceDesc>
        </fileDesc>
        <profileDesc>
            <correspDesc>
                <correspAction type="sent">
                    <persName>Charles de Dançay</persName>
                    <placeName>Holbæk</placeName>
                    <date when="1576-07-14"/>
                </correspAction>
                <correspAction type="received">
                    <persName>Tycho Brahe</persName>
                    <placeName>empty</placeName>
                </correspAction>
            </correspDesc>
            <creation><date>1576-07-14</date><placeName>Holbæk</placeName></creation>
            <langUsage>
                <language ident="la"/>
            </langUsage>
            <textClass>
                <keywords>
                    <term>brev</term>
                </keywords>
            </textClass>
            <abstract>
                <ab>nil</ab>
            </abstract>
        </profileDesc>
        <revisionDesc>
            <change when="2019-03-18" who="#pz">Filen etableret</change>
        </revisionDesc>
    </teiHeader>
    <text>
        <front/>
        <body>
            <div>
                <pb ed="TBOO" n="VII.35"/>
                <pb ed="A" n="10r"/>
                <opener>GENEROSO ET VERE NOBILI VIRO TYCHONI BRAHE A KNUDSTORP, AMICO SUO SEMPER
                    OBSERVANDO.</opener>
                <p>GENEROSE et clarissime vir, amice perpetuo colende, cum hîc <placeName ref="Holbæk">Holbecæ</placeName> apud Dominum
                    <persName ref="Packius">PACKIUM</persName> essem, redditæ mihi sunt tuæ literæ. Tristia obmittam, cum corrigi non
                    possint: lapis promissus paratus est, inscriptio addita, ut voluisti, cum me
                    vocabis, mature adero, gratissimumque mihi feceris, si plures invitaveris! Ego
                    idem quoque facturus sum, ne vulgaris hæc sit dedicatio. Utinam ille <persName ref="Pratensis">PRATENSIS</persName>
                    viveret et nobis unâ adesse posset. Ego D. <persName ref="Frandsen, Hans">IOHANNI FRANCISCO</persName> nisi adfuerit,
                    ominatus sum aliquid mali. Ille igitur volens (ut spero) vel metu aderit.
                    Literas tuas hîc expecto, ubi <pb ed="A" n="10v"/>iam iucundissime et
                    suavissime vivo. Vale, Vir præstantissime, et DANZEUM tuum, ut incepisti, ama,
                    credeque illum tibi esse deditissimum. Vale et vale felicissime. Holbecæ 14.
                    Iulij A. 1576.</p>
                <p>Tibi deditissimus <persName ref="Dançay">Carolus Danzeus</persName>.</p>
            </div>
        </body>
    </text>
</TEI>
