<?xml version="1.0" encoding="UTF-8"?>

<TEI xmlns="http://www.tei-c.org/ns/1.0">
    <teiHeader>
        <fileDesc>
            <titleStmt>
                <title>nil</title>
                <author>Johannes Major</author>
                <editor>
                    <name xml:id="pz">
                        <persName>
                            <forename type="first">Peter</forename>
                            <surname>Zeeberg</surname>
                        </persName>
                    </name>
                </editor>
                <funder>Carlsbergfondet</funder>
            </titleStmt>
            <editionStmt>
                <edition/>
            </editionStmt>
            <publicationStmt>
                <publisher>
                    <ref target="https://dsl.dk">Det Danske Sprog- og Litteraturselskab</ref>
                </publisher>
                <pubPlace>København</pubPlace>
                <date>2019</date>
                <idno>nil</idno>
                <idno type="isbn">nil</idno>
                <availability status="restricted">
                    <ab>Copyright © 2019, Danske Sprog- og Litteraturselskab</ab>
                </availability>
            </publicationStmt>
            <sourceDesc>
                <listWit>
                    <witness xml:id="A">
                        <msDesc>
                            <msIdentifier>
                                <settlement>Wien</settlement>
                                <repository>Österreichische Staatsbibliothek</repository>
                                <collection>empty</collection>
                                <idno>cod. Vindob. lat. 10686.66</idno>
                                <msName>empty</msName>
                            </msIdentifier>
                        </msDesc></witness>
                    <witness xml:id="TBOO">
                        <bibl><title>Tychonis Brahe Dani Opera Omnia</title>, ed. I.L.E. Dreyer,
                            Tom. VII, Hauniæ 1924, p. 35-36</bibl>
                    </witness>
                </listWit>
                <listBibl>
                    <bibl>empty</bibl>
                </listBibl>
            </sourceDesc>
        </fileDesc>
        <profileDesc>
            <correspDesc>
                <correspAction type="sent">
                    <persName>Johannes Major</persName>
                    <placeName>Augsburg</placeName>
                    <date when="1576-08-02"/>
                </correspAction>
                <correspAction type="received">
                    <persName>Tycho Brahe</persName>
                    <placeName>empty</placeName>
                </correspAction>
            </correspDesc>
            <creation><date>1576-08-02</date></creation>
            <langUsage>
                <language ident="la"/>
            </langUsage>
            <textClass>
                <keywords>
                    <term>brev</term>
                </keywords>
            </textClass>
            <abstract>
                <ab>nil</ab>
            </abstract>
        </profileDesc>
        <revisionDesc>
            <change when="2019-03-18" who="#pz">Filen etableret</change>
        </revisionDesc>
    </teiHeader>
    <text>
        <front/>
        <body>
            <div>
                <opener><pb ed="TBOO" n="VII.35"/>
                <pb ed="A" n="74r"/>NOBILITATE GENERIS, DOCTRINA ET VIRTUTE PRÆSTANTISSIMO DN.
                    TYCHONI BRAHE OTTONIDI, DOMINO DE KNUDSTRUP, DOMINO ET AMICO SUO SUMMA
                    OBSERVANTIA COLENDO. S.</opener>
                <p>BENEVOLENTIÆ tuæ erga me singularis, generose Domine, testimonium sunt non solum
                    tui sermones suavissimi, quibus hîc liberaliter sum institutus, sed etiam liber
                    tuus de Stella Nova editus, quem mihi dono mittere non dubitasti. Quare
                    quamprimum eum a D. <persName ref="Wolf, Hieronymus">WOLFIO</persName>, Compatre meo charissimo, accepi, prima <pb ed="A" n="74v"/>
                    quacunque occasione oblata ad te gratitudinis ergo scribendum duxi, præsertim
                    cum id meus in te amor et singularis observantia, qua te semper sum prosecutus,
                    flagitaret, ne aut spacio temporis aut locorum intervallis diminuta esse
                    videretur. Dominationi igitur tuæ primum de salvo atque incolumi in patriam
                    reditu gratulor, eamque incolumitatem tibi perpetuam esse precor. Deinde pro
                    libro tibi gratias, quas possum, maxi<pb ed="TBOO" n="VII.35"/>mas ago. Etsi autem ea non est
                    mei ingenij facultas, ut parem gratiam referre possim, tamen affirmo, me omne
                    meum studium, omnem meam observantiam cultum honorem denique tibi dicasse, meque
                    tuarum maximarum virtutum, quas semper sum admiratus, memoriam perpetuo
                    conservaturum esse. Porro te ignorare nolo, mi Domine TYCHO, <persName ref="Schisler">SCHISLERUM</persName>
                    γνωμονοποιὸν nostrum confecisse Globum ex cupro fabrefactum secundum omnes
                    dimensiones perfectæ, veluti tuum Automaton, rotunditatis, cuius diameter
                    quinquepedalis. Globus autem tali arte est fabrefactus, ut in 8 partes dissolvi
                    et rursus in integrum restitui possit, necessitate exigente, quem in Hispaniam
                    unâ cum Astrolabio quantitatis eiusdem per <persName ref="Fugger, Marcus">MARCUM FUGGERUM</persName> est misurus. Cum itaque viderem Globum, de tuis commodis cogitans quærebam, num etiam maiorem
                    conficere posset? qui respondit ita, seque ad tale corpus conficiendum motum
                    esse ex eo, quod audivisset D. tuam hîc artificem quæsivisse, qui id præstaret,
                    seque posse æque conficere eiusmodi corpus, cuius diameter esset 8 vel 10 pedum,
                    et ea arte, ut in 40 circiter partes resolutus facilime vasique inclusus,
                    commodissime vel per mare vel per terras transportari possit. Cum autem ulterius
                    quærerem, quantum cuperet pro tali corpore conficiendo, me ad D. tuam hac de re
                    scripturum, respondit, non minus quam 1000 aureos, circulis exceptis et pede. <pb
                        ed="A" n="75r"/> Quare cum hîc Globum viderim ligneum, qui tamen propter ligni naturam suis ex æquo partibus non respondere
                    videretur, hac de re certiorem facere volui, ut si forte eiusmodi corpus
                    globosum D. tua habere cuperet, quod et ad durationem et perfectionem magis
                    accederet, sciret, hîc esse Artificem, qui hoc se præstare posse diceret.
                    Proinde si qua in re mea opera uti volueris, efficiam ut te nec sumptuum
                    pœnitere queat, nec ego cura, opera et studio tibi defuisse videar, modo cum
                    aliquo agas, qui artifici dimidium sumptuum tuo nomine exponat. In ceteris neque
                    diligentia neque fide unquam deero.</p>
                <p rend="indent">Novi quod ad te scriberem non habebam, nisi forte scire velis, hoc ipso die post
                    obitum <persName ref="Peutinger, Christoph">PEUTINGERI</persName> in Duumvirum, quem nos vulgo <foreign xml:lang="deu">Stadtpfleger</foreign> nominamus,
                    <persName ref="Fugger, Marcus">MARCUM FUGGERUM</persName> electum esse cum omnium civium admiratione. Hisce vale
                    feliciter, et me, quod facis, amare perge. <placeName ref="Augsburg">Augustæ Rheticæ</placeName> postridie Cal.
                    Augusti 1576.</p>
                <p>D. T. deditissimus <persName ref="Major, Johannes">Iohan. Maior</persName>.</p>
            </div>
        </body>
    </text>
</TEI>
