<?xml version="1.0" encoding="UTF-8"?>

<TEI xmlns="http://www.tei-c.org/ns/1.0">
    <teiHeader>
        <fileDesc>
            <titleStmt>
                <title>nil</title>
                <author>Charles de Dançay</author>
                <editor>
                    <name xml:id="pz">
                        <persName>
                            <forename type="first">Peter</forename>
                            <surname>Zeeberg</surname>
                        </persName>
                    </name>
                </editor>
                <funder>Carlsbergfondet</funder>
            </titleStmt>
            <editionStmt>
                <edition/>
            </editionStmt>
            <publicationStmt>
                <publisher>
                    <ref target="https://dsl.dk">Det Danske Sprog- og Litteraturselskab</ref>
                </publisher>
                <pubPlace>København</pubPlace>
                <date>2019</date>
                <idno>nil</idno>
                <idno type="isbn">nil</idno>
                <availability status="restricted">
                    <ab>Copyright © 2019, Danske Sprog- og Litteraturselskab</ab>
                </availability>
            </publicationStmt>
            <sourceDesc>
                <listWit>
                    <witness xml:id="A">
                        <msDesc>
                            <msIdentifier>
                                <settlement>Wien</settlement>
                                <repository>Österreichische Staatsbibliothek</repository>
                                <collection>empty</collection>
                                <idno>cod. Vindob. lat. 10686.7</idno>
                                <msName>empty</msName>
                            </msIdentifier>
                        </msDesc></witness>
                    <witness xml:id="B">
                        <msDesc>
                            <msIdentifier>
                                <settlement>Wien</settlement>
                                <repository>Österreichische Staatsbibliothek</repository>
                                <collection>empty</collection>
                                <idno>cod. Vindob. lat. 10686.66</idno>
                                <msName>empty</msName>
                            </msIdentifier>
                        </msDesc></witness>
                    <witness xml:id="TBOO">
                        <bibl><title>Tychonis Brahe Dani Opera Omnia</title>, ed. I.L.E. Dreyer,
                            Tom. VII, Hauniæ 1924, p. 34</bibl>
                    </witness>
                </listWit>
                <listBibl>
                    <bibl>empty</bibl>
                </listBibl>
            </sourceDesc>
        </fileDesc>
        <profileDesc>
            <correspDesc>
                <correspAction type="sent">
                    <persName>Charles de Dançay</persName>
                    <placeName>Copenhagen</placeName>
                    <date when="1576-06-26"/>
                </correspAction>
                <correspAction type="received">
                    <persName>Tycho Brahe</persName>
                    <placeName>empty</placeName>
                </correspAction>
            </correspDesc>
            <creation><date>1576-06-26</date></creation>
            <langUsage>
                <language ident="la"/>
            </langUsage>
            <textClass>
                <keywords>
                    <term>brev</term>
                </keywords>
            </textClass>
            <abstract>
                <ab>nil</ab>
            </abstract>
        </profileDesc>
        <revisionDesc>
            <change when="2019-03-15" who="#pz">Filen etableret</change>
        </revisionDesc>
    </teiHeader>
    <text>
        <front/>
        <body>
            <div>
                <pb ed="TBOO" n="VII.34"/>
                <pb ed="A" n="1r"/>
                <opener>NOBILI ET GENEROSO VIRO TYCHONI BRAHE A KNUDSTORP, AMICO SUO PLURIMUM
                    COLENDO.</opener>
                <p>GENEROSE et clarissime vir, Domine et amice perpetuo colende, recordari mei
                    <placeName ref="Pratensis">PRATENSIS</placeName> sine lacrymis non possum, cum animæ plus quam dimidium perdiderim
                    meæ. At cum dolor iste nobis communis sit, ego frustra me affligendo tibi
                    molestus esse desinam, et tuis literis respondebo. Quæ certe mihi fuerunt
                    gratissimæ, et plurimum profuerunt. Nam illæ me veterno quodam oppressum
                    excitarunt, et quasi in tenebris lumine privatum errantem in rectam reduxerunt
                    viam, ut ea, quæ me decent, præstarem. Scias igitur, mi amantissime TYCHO,
                    lapidem angularem paratum esse, sed cum inscriptionem seu dedicationem, et
                    quædam alia mystica sacraque ille optimæ recordationis <placeName ref="Pratensis">PRATENSIS</placeName> sibi
                    reservasset, iurareque voluisset, ego mihi (quod tantus vir facile conficere
                    potuisset) tribuere non ausus sum, ut quicquam in ijs, nisi te mandante, vel
                    potius præscribente, tentare voluerim. Te igitur oro, si Mercurium tibi caducei usuram negare non velis (illius enim
                    verbis lubenter utor) ut, quod tui studiosissimus in se receperat, et mihi iure
                    quodam debebat, tute perficias et persolvas, vel ego cogar (etsi invitus)
                    nescio quid in te desiderare. Ut autem hac in re facilior promptiorque sis et
                    mihi citius respondeas, ne magnum illud opus nostra mora et tua culpa remoretur,
                    oro ut ijs, quæ in schedula scripsi, addas, immutes, subtrahas, vel ut uno verbo
                    omnia complectar, una litura deleas, et statuas, quid sit faciendum, quid
                    scribendum, cum id facile efficere queas, et ego tibi obsequar lubentissime.
                    Quod si me tui amantissimum esse et observantissimum credideris, non falleris.
                    Vale, Vir præstantissime, et cito rescribe. <placeName ref="Copenhagen">Haffniæ</placeName> 26. die Iunij Anno 1576.</p>
                <p>Tibi deditissimus amicus <lb/><persName ref="Dançay">Carolus Danzeus</persName>.</p>
            </div>
        </body>
    </text>
</TEI>
