<?xml version="1.0" encoding="UTF-8"?>

<TEI xmlns="http://www.tei-c.org/ns/1.0">
    <teiHeader>
        <fileDesc>
            <titleStmt>
                <title>nil</title>
                <author>Tycho Brahe</author>
                <editor>
                    <name xml:id="pz">
                        <persName>
                            <forename type="first">Peter</forename>
                            <surname>Zeeberg</surname>
                        </persName>
                    </name>
                </editor>
                <funder>Carlsbergfondet</funder>
            </titleStmt>
            <editionStmt>
                <edition/>
            </editionStmt>
            <publicationStmt>
                <publisher>
                    <ref target="https://dsl.dk">Det Danske Sprog- og Litteraturselskab</ref>
                </publisher>
                <pubPlace>København</pubPlace>
                <date>2019</date>
                <idno>nil</idno>
                <idno type="isbn">nil</idno>
                <availability status="restricted">
                    <ab>Copyright © 2019, Danske Sprog- og Litteraturselskab</ab>
                </availability>
            </publicationStmt>
            <sourceDesc>
                <listWit>
                    <witness xml:id="A">
                        <bibl>Thomas Crenius <title>Animadversionum philologicarum et historicarum
                                part. VII</title>
                        </bibl> Leiden 1700</witness>
                    <witness xml:id="TBOO">
                        <bibl><title>Tychonis Brahe Dani Opera Omnia</title>, ed. I.L.E. Dreyer,
                            Tom. VII, Hauniæ 1924, p. 42</bibl>
                    </witness>
                    <!--<physDesc>
                                <objectDesc>
                                    <supportDesc material="paper">
                                        <support>
                                            <ab/>
                                        </support>
                                        <extent>
                                            <dimensions unit="cm">
                                                <height>0</height>
                                                <width>0</width>
                                            </dimensions>
                                        </extent>
                                        <condition>
                                            <ab/>
                                        </condition>
                                    </supportDesc>
                                    <layoutDesc>
                                        <ab/>
                                    </layoutDesc>
                                </objectDesc>
                                <handDesc> <handNote> <ab>empty</ab> </handNote> </handDesc> <additions> <ab>empty</ab> </additions> <sealDesc> <seal> <ab>empty</ab> </seal> </sealDesc><history>
                                <ab></ab>
                            </history>-->
                </listWit>
                <listBibl>
                    <bibl>empty</bibl>
                </listBibl>
            </sourceDesc>
        </fileDesc>
        <profileDesc><correspDesc>
            <correspAction type="sent">
                <persName>Tycho Brahe</persName>
                <placeName>Hven</placeName>
                <date when="1576-12-08"/>
            </correspAction>
            <correspAction type="received">
                <persName>Joachim Camerarius</persName>
                <placeName>empty</placeName>
            </correspAction>
        </correspDesc>
            <creation><date>1576-11-08</date></creation>
            <langUsage>
                <language ident="la"/>
            </langUsage>
            <textClass>
                <keywords>
                    <term>brev</term>
                </keywords>
            </textClass>
            <abstract>
                <ab>nil</ab>
            </abstract>
        </profileDesc>
        <revisionDesc>
            <change when="2019-03-19" who="#pz">Filen etableret</change>
        </revisionDesc>
    </teiHeader>
    <text>
        <front/>
        <body>
            <div>
                <pb ed="TBOO" n="VII.42"/>
                <pb ed="A" n="232"/>
                <p>CLARISSIMO VIRO D. <persName ref="Camerarius, Joachim, jun.">IOACHIMO CAMERARIO IUNIORI</persName>, PHILOSOPHO ET MEDICO EXIMIO, AMICO
                    SUO COLENDO. <foreign xml:lang="deu">DOCTOR CAMERARIUS MEDICUS ZU <placeName ref="Nürnberg">NÜRRENBERG</placeName>.</foreign></p>
                <p>EX litteris tuis, clarissime Domine Doctor CAMERARI, intellexi, maximam partem
                    librorum Mathematicorum <persName ref="Brechtalius">BRECHTALII</persName> esse distractam; nihilominus peto, ut eos, qui
                    residui adhuc sunt, velis mihi, iuxta catalogum tibi missum, curare colligi,
                    eosque huic artifici Mechanico <persName ref="Labenwolf, Georg">GEORGIO LAUBIMVOLFI</persName> ad me transmittendos tradere.
                    Et insuper, si quos alias in Mathematicis et Chymicis inveneris seu novos seu
                    veteres, quos mihi usui fore existimas, unâ adiungas velim. Precium horum omnium
                    ex tuo decreto artifex hic persolvet; pecunia meo nomine interea ab alio
                    artifice <persName ref="Schart, Johann van der">IOHANNE von der SCHACK</persName> nomine, mutuo accepta, donec ego eam hîc
                    in Dania (est enim is huc venturus) vel etiam Noribergæ restituero. Ignoscas
                    autem mihi, quod ita audacter toties his meis negotijs molestus tibi sim; id
                    facio fretus singulari tua humanitate, qua te eximie præditum, cum Noribergæ
                    ultimo essem, non obscure cognovi. Peto autem, ut per occasionem me de tuis
                    studiis et laboribus certiorem reddas, utrum in Spagyrica Medicina profectum
                    aliquem feceris. Ego hac æstate nihil fere eximii in ea arte elaboravi,
                    impeditus architectura, quam nunc præ manibus habeo. In Insula enim hîc quadam,
                    quæ sita est in medio famosissimi et celeberrimi freti, ubi omnes naves ab
                    Oriente in Occidentem transeunt, et e contra, ædes Philosophicas non exiguis
                    sumptibus extruo. Hac enim Insula eo nomine a Rege donatus sum, ut eo, cum fert
                    animus, secedere possim, et a vulgi strepitu semotus altioribus vacare
                    exercitiis. Ubi ve<pb ed="A" n="233"/>ro ædificium hoc absolvero, divina ope 
                    conatus nostros auxiliante, spero me commoditatem non exiguam adepturum
                    philosophandi tum in superiori et cœlesti Astronomia, tum etiam in hac inferiori
                    Spagyrica rerum præparatione. Et si quid mea opera et sumptibus inveniri queat,
                    quod tibi aliisve amicis id expetentibus usui esse possit, lubens communicabo.
                    Vale, vir doctissime et humanissime, et amicitiam inter nos brevi tempore
                    Noribergæ contractam longa tempora ne sinamus obliterare. Iterum vale. Datæ in
                    Insula nostra <placeName ref="Hven">Huena</placeName>, d. 21. Novemb. An. 1576. </p>
                <p>T. <lb/>TYCHO BRAHE.</p>
            </div>
        </body>
    </text>
</TEI>
