<?xml version="1.0" encoding="UTF-8"?>

<TEI xmlns="http://www.tei-c.org/ns/1.0">
    <teiHeader>
        <fileDesc>
            <titleStmt>
                <title>nil</title>
                <author>Steen Bille</author>
                <editor>
                    <name xml:id="pz">
                        <persName>
                            <forename type="first">Peter</forename>
                            <surname>Zeeberg</surname>
                        </persName>
                    </name>
                </editor>
                <funder>Carlsbergfondet</funder>
            </titleStmt>
            <editionStmt>
                <edition/>
            </editionStmt>
            <publicationStmt>
                <publisher>
                    <ref target="https://dsl.dk">Det Danske Sprog- og Litteraturselskab</ref>
                </publisher>
                <pubPlace>København</pubPlace>
                <date>2019</date>
                <idno>nil</idno>
                <idno type="isbn">nil</idno>
                <availability status="restricted">
                    <ab>Copyright © 2019, Danske Sprog- og Litteraturselskab</ab>
                </availability>
            </publicationStmt>
            <sourceDesc>
                <listWit>
                    <witness xml:id="A">
                        <msDesc>
                            <msIdentifier>
                                <settlement>Wien</settlement>
                                <repository>Österreichische Staatsbibliothek</repository>
                                <collection>empty</collection>
                                <idno>cod. Vindob. lat. 10686.7</idno>
                                <msName>empty</msName>
                            </msIdentifier>
                        </msDesc></witness>
                    <witness xml:id="B">
                        <msDesc>
                            <msIdentifier>
                                <settlement>Wien</settlement>
                                <repository>Österreichische Staatsbibliothek</repository>
                                <collection>empty</collection>
                                <idno>cod. Vindob. lat. 10686.66</idno>
                                <msName>empty</msName>
                            </msIdentifier>
                        </msDesc></witness>
                    <witness xml:id="TBOO">
                        <bibl><title>Tychonis Brahe Dani Opera Omnia</title>, ed. I.L.E. Dreyer,
                            Tom. VII, Hauniæ 1924, p. 45</bibl>
                    </witness>
                    <!--<physDesc>
                                <objectDesc>
                                    <supportDesc material="paper">
                                        <support>
                                            <ab/>
                                        </support>
                                        <extent>
                                            <dimensions unit="cm">
                                                <height>0</height>
                                                <width>0</width>
                                            </dimensions>
                                        </extent>
                                        <condition>
                                            <ab/>
                                        </condition>
                                    </supportDesc>
                                    <layoutDesc>
                                        <ab/>
                                    </layoutDesc>
                                </objectDesc>
                                <handDesc> <handNote> <ab>empty</ab> </handNote> </handDesc> <additions> <ab>empty</ab> </additions> <sealDesc> <seal> <ab>empty</ab> </seal> </sealDesc><history>
                                <ab></ab>
                            </history>-->
                </listWit>
                <listBibl>
                    <bibl>empty</bibl>
                </listBibl>
            </sourceDesc>
        </fileDesc>
        <profileDesc>
            <correspDesc>
                <correspAction type="sent">
                    <persName>Steen Bille</persName>
                    <placeName>Herrevad</placeName>
                    <date when="1577-05-03"/>
                </correspAction>
                <correspAction type="received">
                    <persName>Tycho Brahe</persName>
                    <placeName>empty</placeName>
                </correspAction>
            </correspDesc>
            <creation><date>1577-05-03</date></creation>
            <langUsage>
                <language ident="la"/>
            </langUsage>
            <textClass>
                <keywords>
                    <term>brev</term>
                </keywords>
            </textClass>
            <abstract>
                <ab>nil</ab>
            </abstract>
        </profileDesc>
        <revisionDesc>
            <change when="2019-03-19" who="#pz">Filen etableret</change>
        </revisionDesc>
    </teiHeader>
    <text>
        <front/>
        <body>
            <div>
                <pb ed="TBOO" n="VII.45"/>
                <pb ed="A" n="11r"/>
                <opener>TYCHONI BRAHE EX SORORE NEPOTI CHARISSIMO.</opener>
                <lg>
                    <l>Is, quo vita, salus, via, statque redemptio nostra,</l>
                    <l rend="indent">Corporis atque animæ det tibi fausta, precor.</l>
                </lg>
                <p>IAM iam literas tuas, Nepos e sorore charissime, de negotijs tuis expediendis
                    apud fabrum ferrarium meum, per famulum tuum accepi, petitionibus tuis quam
                    libentissime satisfacturus, nec officium ullum erga te, quem semper intime
                    dilexi, pollicitationis in me claudier sinam. Armillas, quas, si recte memini,
                    Ptolemaicas appellas, et pro quibus ornandis mihi cupreos circulos misisti,
                    artifici hîc in moletrina ex tuo præscripto ornandos commisi, etiam frementibus
                    et reluctantibus alijs, qui aquam pro conficienda farina nimium exhauriri
                    prætendunt. Sed vereor, ne is iuxta tuam mentem Armillas istas rite parare et
                    levigare norit. Verum, ubi ipsemet me accesseris, rectius de his dispicies. Has
                    scribens, literas Regias accepi, ut ad suam Maiestatem sine mora veniam. Ubi
                    autem a Regia Maiestate liberabor, Lares <placeName ref="Hven">Huenenses</placeName> seu potius <placeName ref="Uraniborg">Uraniburgicos</placeName>,
                    adeoque te ipsum invisam, tuis Musis thura libando. His paucis quam feliciter
                    vale. Datæ Herrisuadi 5 Nonis Maij Anno 1577.</p><p>STENO BILDE.</p>
            </div>
        </body>
    </text>
</TEI>
