<?xml version="1.0" encoding="UTF-8"?>

<TEI xmlns="http://www.tei-c.org/ns/1.0">
    <teiHeader>
        <fileDesc>
            <titleStmt>
                <title>nil</title>
                <author>Tycho Brahe</author>
                <editor>
                    <name xml:id="pz">
                        <persName>
                            <forename type="first">Peter</forename>
                            <surname>Zeeberg</surname>
                        </persName>
                    </name>
                </editor>
                <funder>Carlsbergfondet</funder>
            </titleStmt>
            <editionStmt>
                <edition/>
            </editionStmt>
            <publicationStmt>
                <publisher>
                    <ref target="https://dsl.dk">Det Danske Sprog- og Litteraturselskab</ref>
                </publisher>
                <pubPlace>København</pubPlace>
                <date>2019</date>
                <idno>nil</idno>
                <idno type="isbn">nil</idno>
                <availability status="restricted">
                    <ab>Copyright © 2019, Danske Sprog- og Litteraturselskab</ab>
                </availability>
            </publicationStmt>
            <sourceDesc>
                <listWit>
                    <witness xml:id="A">
                        <msDesc>
                            <msIdentifier>
                                <settlement>København</settlement>
                                <repository>Det Kongelige Bibliotek</repository>
                                <collection>Bølling</collection>
                                <idno>D fol. 67</idno>
                                <msName>empty</msName>
                            </msIdentifier>
                        </msDesc></witness>
                    <witness xml:id="TBOO">
                        <bibl><title>Tychonis Brahe Dani Opera Omnia</title>, ed. I.L.E. Dreyer,
                            Tom. VII, Hauniæ 1924, p. 45-46</bibl>
                    </witness>
                    <!--<physDesc>
                                <objectDesc>
                                    <supportDesc material="paper">
                                        <support>
                                            <ab/>
                                        </support>
                                        <extent>
                                            <dimensions unit="cm">
                                                <height>0</height>
                                                <width>0</width>
                                            </dimensions>
                                        </extent>
                                        <condition>
                                            <ab/>
                                        </condition>
                                    </supportDesc>
                                    <layoutDesc>
                                        <ab/>
                                    </layoutDesc>
                                </objectDesc>
                                <handDesc> <handNote> <ab>empty</ab> </handNote> </handDesc> <additions> <ab>empty</ab> </additions> <sealDesc> <seal> <ab>empty</ab> </seal> </sealDesc><history>
                                <ab></ab>
                            </history>-->
                </listWit>
                <listBibl>
                    <bibl>empty</bibl>
                </listBibl>
            </sourceDesc>
        </fileDesc>
        <profileDesc>
            <correspDesc>
                <correspAction type="sent">
                    <persName>Tycho Brahe</persName>
                    <placeName>Hven</placeName>
                    <date when="1577-05-21"/>
                </correspAction>
                <correspAction type="received">
                    <persName>Headmaster and professors at the university of Copenhagen</persName>
                    <placeName>empty</placeName>
                </correspAction>
            </correspDesc>
            <creation><date>1577-05-21</date></creation>
            <langUsage>
                <language ident="la"/>
            </langUsage>
            <textClass>
                <keywords>
                    <term>brev</term>
                </keywords>
            </textClass>
            <abstract>
                <ab>nil</ab>
            </abstract>
        </profileDesc>
        <revisionDesc>
            <change when="2019-03-19" who="#pz">Filen etableret</change>
        </revisionDesc>
    </teiHeader>
    <text>
        <front/>
        <body>
            <div>
                <pb ed="TBOO" n="VII.45"/>
                <pb ed="A" n="1r"/>
                <opener>MAGNIFICO DOMINO RECTORI ET CLARISS. VIRIS, REGIÆ ACADEMIÆ <placeName ref="Copenhagen">HAFNIENSIS</placeName>
                    PROFESSORIBUS VENERANDIS, DOMINIS ET AMICIS PERPETUO OBSERVANDIS.<lb/>S.</opener>
                <p>MAGNIFICE Domine Rector, clarissimique viri, Hafniensis Academiæ venerandi
                    professores! Quod unanimi consensu, singulari vestro favore impellente, me nihil
                    tale a vobis expectantem Rectoratus honoribus insignire et in Reipublicæ vestræ
                    litterariæ per subsequens Annuum tempus Administratorem eligere non
                    dubitaveritis, vobis omnibus et singulis reverenter habeo gratias. Ego vero
                    præterquam quod me tanto officio digne sustinendo minime idoneum agnoscam,
                    ideoque electionis huius rationem vestræ potius benevolentiæ et favori
                    adscribendam censeam, quam quod revera tale aliquid a me præstari possit,
                    gravibus insuper ijsque non paucis, hoc præsertim <pb ed="TBOO" n="VII.46"/>tempore,
                    distrahor curis et negotijs, quo minus vestræ voluntati satisfacere et tam
                    præclaro officio rite obeundo vacare possim. Inprimis vero ob Architecturæ in
                    ædificiis constituendis <pb ed="A" n="1v"/>occupationes, quibus in hac
                    Insula, a veteri desolatione in habitabilem oram, Deo conatui nostro favente,
                    revocanda, implicor. Quapropter reverenter et obnixe vestras Excellentias
                    rogatas volo, ut, consideratis his negotijs, quibus hoc ipso tempore, quo vobis
                    adesse oporteret, impedior, me a tanto munere obeundo, quod alias etiam nostris
                    viribus impar est, excusatum habere velint. Imposterum vero, Dei nutu, liberato
                    mihi ab hoc occupationum onere, si quid erit, quo mea tenuitas vestræ Academiæ
                    et vobis in quocunque officij genere usui esse possit, lubens omnique conatu pro
                    virium mensura præstare et volo et debeo. Omnemque meam operam, quacunque in re
                    litterariæ Reipublicæ vestræque utilitati inservire possit, vobis perpetuo
                    defero. <pb ed="A" n="2r"/>Deus optimus et æternus, autor omnis scientiæ et
                    veritatis, vos vestraque studia in suum honorem et publici boni utilitatem diu
                    clementer conservet. Valete. Datæ in Insula <placeName ref="Hven">Huena</placeName> Maij die 21. Anno Christi
                    1577.</p>
                <p>Mag. et Exc. V. amantiss.<lb/>Tycho Brahe.</p>
            </div>
        </body>
    </text>
</TEI>
