<?xml version="1.0" encoding="UTF-8"?>

<TEI xmlns="http://www.tei-c.org/ns/1.0">
    <teiHeader>
        <fileDesc>
            <titleStmt>
                <title>nil</title>
                <author>Tycho Brahe</author>
                <editor>
                    <name xml:id="pz">
                        <persName>
                            <forename type="first">Peter</forename>
                            <surname>Zeeberg</surname>
                        </persName>
                    </name>
                </editor>
                <funder>Carlsbergfondet</funder>
            </titleStmt>
            <editionStmt>
                <edition/>
            </editionStmt>
            <publicationStmt>
                <publisher>
                    <ref target="https://dsl.dk">Det Danske Sprog- og Litteraturselskab</ref>
                </publisher>
                <pubPlace>København</pubPlace>
                <date>2019</date>
                <idno>nil</idno>
                <idno type="isbn">nil</idno>
                <availability status="restricted">
                    <ab>Copyright © 2019, Danske Sprog- og Litteraturselskab</ab>
                </availability>
            </publicationStmt>
            <sourceDesc>
                <listWit>
                    <witness xml:id="A">
                        <msDesc>
                            <msIdentifier>
                                <settlement>København</settlement>
                                <repository>Rigsarkivet</repository>
                                <collection>Tycho Brahes privatarkiv</collection>
                                <idno>empty</idno>
                                <msName>empty</msName>
                            </msIdentifier>
                        </msDesc></witness>
                    <witness xml:id="TBOO">
                        <bibl><title>Tychonis Brahe Dani Opera Omnia</title>, ed. I.L.E. Dreyer,
                            Tom. VII, Hauniæ 1924, p. 55</bibl>
                    </witness>
                    <!--<physDesc>
                                <objectDesc>
                                    <supportDesc material="paper">
                                        <support>
                                            <ab/>
                                        </support>
                                        <extent>
                                            <dimensions unit="cm">
                                                <height>0</height>
                                                <width>0</width>
                                            </dimensions>
                                        </extent>
                                        <condition>
                                            <ab/>
                                        </condition>
                                    </supportDesc>
                                    <layoutDesc>
                                        <ab/>
                                    </layoutDesc>
                                </objectDesc>
                                <handDesc> <handNote> <ab>empty</ab> </handNote> </handDesc> <additions> <ab>empty</ab> </additions> <sealDesc> <seal> <ab>empty</ab> </seal> </sealDesc><history>
                                <ab></ab>
                            </history>-->
                </listWit>
                <listBibl>
                    <bibl>empty</bibl>
                </listBibl>
            </sourceDesc>
        </fileDesc>
        <profileDesc>
            <correspDesc>
                <correspAction type="sent">
                    <persName>Tycho Brahe</persName>
                    <placeName>Hven</placeName>
                    <date when="1579-07-05"/>
                </correspAction>
                <correspAction type="received">
                    <persName>Anders Sørensen Vedel</persName>
                    <placeName>empty</placeName>
                </correspAction>
            </correspDesc>
            <creation><date>1579-07-05</date></creation>
            <langUsage>
                <language ident="la"/>
            </langUsage>
            <textClass>
                <keywords>
                    <term>brev</term>
                </keywords>
            </textClass>
            <abstract>
                <ab>nil</ab>
            </abstract>
        </profileDesc>
        <revisionDesc>
            <change when="2019-03-20" who="#pz">Filen etableret</change>
        </revisionDesc>
    </teiHeader>
    <text>
        <front/>
        <body>
            <div>
                <pb ed="TBOO" n="VII.55"/>
                <pb ed="A" n="5v"/>
                <p>DOCTISSIMO VIRO MAGISTRO ANDREÆ SEVERINI WELLEIO, CONCIONATORI IN REGIA
                    <placeName ref="Copenhagen">HAFFNIENSI</placeName>, SUO AMICO.<lb/>S. P.</p>
                <p>DILECTE Magister ANDREA, peto ut iam unâ cum Domino Legato meos lares <placeName ref="Hven">Huenenses</placeName>
                    velis invisere prout pollicitus es, et roga meo nomine Dn. <persName ref="Laurentius, magister">Magistrum LAURENTIUM</persName>,
                    Amicum nostrum, ut unâ venire velit. Quod si Doctor <persName ref="Frandsen, Hans">IOHANNES FRANCISCUS</persName> et D.
                    <persName ref="Ezoccus">EZOCCUS</persName> velint <persName ref="Dançay">Domino Legato</persName> comites esse et ab urbanis molestijs per aliquot
                    dies animum recreare et cum tenui boni consulere, fecerint mihi rem gratam. De
                    Domino <persName ref="quæstor regius">Quæstore Regio</persName> scripsi Domino Legato. Quod si is me in hac Insula invisere præ negotiis publicis, quibus assidue
                    occupatur, non detrectaverit, fecerit mihi rem gratissimam; non enim diffido
                    ipsum, quamvis pro dignitate et meritis hoc in loco minus sollenniter excipi
                    possit, tamen pro conditione temporis et loci boni consulturum. Vale et
                    significa per puerum meum quid sit futurum. Iterum vale. Datæ Huenæ die 5. Iulij Anno 1579.</p> <p>T.
                <lb/>Tycho Brahe.</p>
            </div>
        </body>
    </text>
</TEI>
