<?xml version="1.0" encoding="UTF-8"?>

<TEI xmlns="http://www.tei-c.org/ns/1.0">
    <teiHeader>
        <fileDesc>
            <titleStmt>
                <title>nil</title>
                <author>Tycho Brahe</author>
                <editor>
                    <name xml:id="pz">
                        <persName>
                            <forename type="first">Peter</forename>
                            <surname>Zeeberg</surname>
                        </persName>
                    </name>
                </editor>
                <funder>Carlsbergfondet</funder>
            </titleStmt>
            <editionStmt>
                <edition/>
            </editionStmt>
            <publicationStmt>
                <publisher>
                    <ref target="https://dsl.dk">Det Danske Sprog- og Litteraturselskab</ref>
                </publisher>
                <pubPlace>København</pubPlace>
                <date>2019</date>
                <idno>nil</idno>
                <idno type="isbn">nil</idno>
                <availability status="restricted">
                    <ab>Copyright © 2019, Danske Sprog- og Litteraturselskab</ab>
                </availability>
            </publicationStmt>
            <sourceDesc>
                <listWit>
                    <witness xml:id="A">
                        <msDesc>
                            <msIdentifier>
                                <settlement>København</settlement>
                                <repository>Rigsarkivet</repository>
                                <collection>Tycho Brahes privatarkiv</collection>
                                <idno>empty</idno>
                                <msName>empty</msName>
                            </msIdentifier>
                        </msDesc></witness>
                    <witness xml:id="TBOO">
                        <bibl><title>Tychonis Brahe Dani Opera Omnia</title>, ed. I.L.E. Dreyer,
                            Tom. VII, Hauniæ 1924, p. 55-56</bibl>
                    </witness>
                    <!--<physDesc>
                                <objectDesc>
                                    <supportDesc material="paper">
                                        <support>
                                            <ab/>
                                        </support>
                                        <extent>
                                            <dimensions unit="cm">
                                                <height>0</height>
                                                <width>0</width>
                                            </dimensions>
                                        </extent>
                                        <condition>
                                            <ab/>
                                        </condition>
                                    </supportDesc>
                                    <layoutDesc>
                                        <ab/>
                                    </layoutDesc>
                                </objectDesc>
                                <handDesc> <handNote> <ab>empty</ab> </handNote> </handDesc> <additions> <ab>empty</ab> </additions> <sealDesc> <seal> <ab>empty</ab> </seal> </sealDesc><history>
                                <ab></ab>
                            </history>-->
                </listWit>
                <listBibl>
                    <bibl>empty</bibl>
                </listBibl>
            </sourceDesc>
        </fileDesc>
        <profileDesc>
            <correspDesc>
                <correspAction type="sent">
                    <persName>Tycho Brahe</persName>
                    <placeName>Hven</placeName>
                    <date when="1579-07-05"/>
                </correspAction>
                <correspAction type="received">
                    <persName>Charles de Dançay</persName>
                    <placeName>empty</placeName>
                </correspAction>
            </correspDesc>
            <creation><date>1579-07-05</date></creation>
            <langUsage>
                <language ident="la"/>
            </langUsage>
            <textClass>
                <keywords>
                    <term>brev</term>
                </keywords>
            </textClass>
            <abstract>
                <ab>nil</ab>
            </abstract>
        </profileDesc>
        <revisionDesc>
            <change when="2019-03-20" who="#pz">Filen etableret</change>
        </revisionDesc>
    </teiHeader>
    <text>
        <front/>
        <body>
            <div>
                <pb ed="TBOO" n="VII.55"/>
                <pb ed="A" n="1r"/>
                <p>MAGNIFICO ET GENEROSO VIRO DOMINO <persName ref="Dançay">CAROLO DANZÆO</persName>, REGIS GALLIARUM LEGATO ET
                    CONSILIARIO PRUDENTISSIMO, AMICO SUO PERPETUO PLURIMUM OBSERVANDO.</p>
                <p>MAGNIFICE Domine DANZÆE, Amice semper colende, pollicitus es cum ultimo <placeName ref="Copenhagen">Haffniæ</placeName>
                    simul essemus, te Huenenses Lares invisurum, quam primum intelligeres me huc
                    reversum esse, quia vero interea temporis nunc e <placeName ref="Zealand">Selandia</placeName> in <placeName ref="Scania">Scaniam</placeName>, nunc ex
                    hac rursus in illam, partim Regis partim Amicorum negotijs et ex parte etiam
                    proprijs impellentibus iactatus sum tanquam pila missus ab illis, ut noster de
                    aulica senectute dixit <persName ref="Palingenius">PALINGENIUS</persName>, adeo ut ante hoc tempus non licuerit nisi
                    aliquantulam requiem hîc figere. Peto itaque ut nunc promissis stare et cum
                    Amicis quoscunque elegeris meas Penates utquamvis pro conditione temporis et
                    loci tenues, tamen ab urbium solenni fastu animum quietis anhelantem nonnihil
                    revocantes invisere non dedigneris. Si Dominus <persName ref="quæstor regius">Quæstor Regius</persName> comitem se
                    adiungere <pb ed="TBOO" n="VII.56"/>præ negotijs publicis, quibus occupatur, non
                    detrectaverit, fecerit et mihi rem gratam. Scripsi <persName ref="Vedel">M. ANDREÆ</persName>, quem puto una
                    venturum, secumque M. <persName ref="Laurentius">LAURENTIUM</persName> nostrum adducturum. Tuum vero erit quoscunque
                    voles unâ adducere. Vale. Datæ <placeName ref="Hven">Huenæ</placeName> 5. Iulii Anno 1579.</p>
                <p>T. <lb/>Tycho Brahe.</p>
            </div>
        </body>
    </text>
</TEI>
