<?xml version="1.0" encoding="UTF-8"?>

<TEI xmlns="http://www.tei-c.org/ns/1.0">
    <teiHeader>
        <fileDesc>
            <titleStmt>
                <title>nil</title>
                <author>Tycho Brahe</author>
                <editor>
                    <name xml:id="pz">
                        <persName>
                            <forename type="first">Peter</forename>
                            <surname>Zeeberg</surname>
                        </persName>
                    </name>
                </editor>
                <funder>Carlsbergfondet</funder>
            </titleStmt>
            <editionStmt>
                <edition/>
            </editionStmt>
            <publicationStmt>
                <publisher>
                    <ref target="https://dsl.dk">Det Danske Sprog- og Litteraturselskab</ref>
                </publisher>
                <pubPlace>København</pubPlace>
                <date>2019</date>
                <idno>nil</idno>
                <idno type="isbn">nil</idno>
                <availability status="restricted">
                    <ab>Copyright © 2019, Danske Sprog- og Litteraturselskab</ab>
                </availability>
            </publicationStmt>
            <sourceDesc>
                <listWit>
                    <witness xml:id="A">
                        <msDesc>
                            <msIdentifier>
                                <settlement>København</settlement>
                                <repository>Rigsarkivet</repository>
                                <collection>Tycho Brahes privatarkiv</collection>
                                <idno>empty</idno>
                                <msName>empty</msName>
                            </msIdentifier>
                        </msDesc></witness>
                    <witness xml:id="TBOO">
                        <bibl><title>Tychonis Brahe Dani Opera Omnia</title>, ed. I.L.E. Dreyer,
                            Tom. VII, Hauniæ 1924, p. 56-57</bibl>
                    </witness>
                    <!--<physDesc>
                                <objectDesc>
                                    <supportDesc material="paper">
                                        <support>
                                            <ab/>
                                        </support>
                                        <extent>
                                            <dimensions unit="cm">
                                                <height>0</height>
                                                <width>0</width>
                                            </dimensions>
                                        </extent>
                                        <condition>
                                            <ab/>
                                        </condition>
                                    </supportDesc>
                                    <layoutDesc>
                                        <ab/>
                                    </layoutDesc>
                                </objectDesc>
                                <handDesc> <handNote> <ab>empty</ab> </handNote> </handDesc> <additions> <ab>empty</ab> </additions> <sealDesc> <seal> <ab>empty</ab> </seal> </sealDesc><history>
                                <ab></ab>
                            </history>-->
                </listWit>
                <listBibl>
                    <bibl>empty</bibl>
                </listBibl>
            </sourceDesc>
        </fileDesc>
        <profileDesc>
            <correspDesc>
                <correspAction type="sent">
                    <persName>Tycho Brahe</persName>
                    <placeName>Hven</placeName>
                    <date when="1579-08-15"/>
                </correspAction>
                <correspAction type="received">
                    <persName>Andres Søensen Vedel</persName>
                    <placeName>empty</placeName>
                </correspAction>
            </correspDesc>
            <creation><date>1579-08-15</date></creation>
            <langUsage>
                <language ident="la"/>
            </langUsage>
            <textClass>
                <keywords>
                    <term>brev</term>
                </keywords>
            </textClass>
            <abstract>
                <ab>nil</ab>
            </abstract>
        </profileDesc>
        <revisionDesc>
            <change when="2019-03-20" who="#pz">Filen etableret</change>
        </revisionDesc>
    </teiHeader>
    <text>
        <front/>
        <body>
            <div>
                <pb ed="TBOO" n="VII.56"/>
                <pb ed="A" n="5r"/>
                <opener>TYCHO BRAHE AD <persName ref="Vedel">ANDREAM SEVERINI VELLEIUM</persName>.<lb/>S.</opener>
                <p>EODEM vesperi quo reversus sum domum, scripsi <persName ref="Machabæus, Johannes"
                        >Μ. MACHABÆO</persName>, clarissime Domine Magister ANDREA, de equis, et
                    tuas unâ illi misi literas, et effeci ut eadem nocte literæ transveherentur, ut
                    summo mane sequentis diei <placeName ref="Lund">Lundam</placeName> venirent. Ego
                    interea nihil ab eo responsi accepi, si tu aliquid, nescio. Equos si ab ipso non
                    acceperis vide ut <placeName ref="Copenhagen">Haffniæ</placeName> habeas, ego
                    stabo promissis. Mitto tibi nunc literas ad Amicos in <placeName ref="Germany"
                        >Germania</placeName>, <placeName ref="Nürnberg">Norimbergæ</placeName> ad
                        <persName ref="Camerarius, Joachim junior">CAMERARIUM</persName>, cui per te
                        <persName ref="Homelius">HOMELIJ</persName>
                    <hi rend="it">Gnomonica</hi> remitto. Scripsi illi ut earum Bibliothecarum quæ
                    in ipsorum urbe sunt, aliarumque memorabilium rerum tibi copiam faceret.
                    <placeName ref="Augsburg">Augustæ</placeName> ad Consulem <persName ref="Hainzel, Paul">PAULUM HAINZELIUM</persName>
                    et <persName ref="Wolf, Hieronymus">HIERONIMUM WOLFIUM</persName>, cui etiam
                    tuos conatus commendavi, ut eos pro virili iuvarent. Scripsi etiam quasdam
                    literas in ædes hospitis mei <persName ref="Laurentius (hospes)">LAURENTII
                        DEN</persName> et peto, ut si qua ratione fieri poterit, efficias ut Globum
                    meum magnum, quem ipse conservat, ante hyemem habere possim; poteris si quos
                    Augustæ emeris libros, ei includere et bene exterius interiusque compactum meo
                    sumptu huc transferri curare. Norimbergæ etiam effice, ut certo ante hyemem ea
                    quæ ad aquæductum meum requiruntur, a <persName ref="Labenwolf, HGeorg">GEORGIO
                        LAUBENWOLF</persName> Artifice, cui eo nomine prius per te scripsi,
                    obtineam, et vide quid in Machina quam pro Rege parat, paratum sit, et urge
                    opus tanquam id in mandatis a Rege et me haberes. Augustæ videbis et civitatis
                    et civium instructissimas Bibliothecas, inprimis vero Fuggeranam <pb ed="A"
                        n="5v"/>idque per WOLFIUM consequi poteris. Cum Hospite meo LAURENTIO
                    loquere an quicquam de Fratre meo <persName ref="Brahe, Knud">CANUTO</persName>
                    intellexerit, et utrum sciat ipsum <placeName ref="Venice">Venetias</placeName> ivisse, et an adhuc ibi commoretur,
                    et si is tibi inciderit, vel de illo quicquam audiveris ubi sit, scribe illi meo
                    nomine, ut sit bono animo: <persName ref="Frederik 2.">Regem</persName> esse
                    placabilem et omnia in melius, quam adversarij putant, cessura. Sed hæc quæ de
                    hoc scribo, in secreto coram omnibus et hîc <pb ed="TBOO" n="VII.57"/>et alibi habe. Si quos
                    libros invenies in Germania, vel de Cometa præter eos, quos habeo, vel aliquid
                    singulare in Astronomicis, mihi coëmas velim, ego pretium lubens restituam. Bene
                    vale, charissime Domine M. ANDREA, et Deus te feliciter et incolumem ducat et
                    reducat. Datæ <placeName ref="Hven">Huenæ</placeName> 15. Augusti Anno 1579.</p>
                <p>T.<lb/>TYCHO BRAHE.</p>
            </div>
        </body>
    </text>
</TEI>
