<?xml version="1.0" encoding="UTF-8"?>

<TEI xmlns="http://www.tei-c.org/ns/1.0">
    <teiHeader>
        <fileDesc>
            <titleStmt>
                <title>nil</title>
                <author>Hieronymus Wolf</author>
                <editor>
                    <name xml:id="pz">
                        <persName>
                            <forename type="first">Peter</forename>
                            <surname>Zeeberg</surname>
                        </persName>
                    </name>
                </editor>
                <funder>Carlsbergfondet</funder>
            </titleStmt>
            <editionStmt>
                <edition/>
            </editionStmt>
            <publicationStmt>
                <publisher>
                    <ref target="https://dsl.dk">Det Danske Sprog- og Litteraturselskab</ref>
                </publisher>
                <pubPlace>København</pubPlace>
                <date>2019</date>
                <idno>nil</idno>
                <idno type="isbn">nil</idno>
                <availability status="restricted">
                    <ab>Copyright © 2019, Danske Sprog- og Litteraturselskab</ab>
                </availability>
            </publicationStmt>
            <sourceDesc>
                <listWit>
                    <witness xml:id="A">
                        <msDesc>
                            <msIdentifier>
                                <settlement>Wien</settlement>
                                <repository>Österreichische Staatsbibliothek</repository>
                                <collection>empty</collection>
                                <idno>cod. Vindob. lat. 10686.66</idno>
                                <msName>empty</msName>
                            </msIdentifier>
                        </msDesc></witness>
                    <witness xml:id="TBOO">
                        <bibl><title>Tychonis Brahe Dani Opera Omnia</title>, ed. I.L.E. Dreyer,
                            Tom. VII, Hauniæ 1924, p. 57-58</bibl>
                    </witness>
                    <!--<physDesc>
                                <objectDesc>
                                    <supportDesc material="paper">
                                        <support>
                                            <ab/>
                                        </support>
                                        <extent>
                                            <dimensions unit="cm">
                                                <height>0</height>
                                                <width>0</width>
                                            </dimensions>
                                        </extent>
                                        <condition>
                                            <ab/>
                                        </condition>
                                    </supportDesc>
                                    <layoutDesc>
                                        <ab/>
                                    </layoutDesc>
                                </objectDesc>
                                <handDesc> <handNote> <ab>empty</ab> </handNote> </handDesc> <additions> <ab>empty</ab> </additions> <sealDesc> <seal> <ab>empty</ab> </seal> </sealDesc><history>
                                <ab></ab>
                            </history>-->
                </listWit>
                <listBibl>
                    <bibl>empty</bibl>
                </listBibl>
            </sourceDesc>
        </fileDesc>
        <profileDesc>
            <correspDesc>
                <correspAction type="sent">
                    <persName>Hieronymus Wolf</persName>
                    <placeName>Augsburg</placeName>
                    <date when="1580-03-14"/>
                </correspAction>
                <correspAction type="received">
                    <persName>Tycho Brahe</persName>
                    <placeName>empty</placeName>
                </correspAction>
            </correspDesc>
            <creation><date>1580-01-14</date></creation>
            <langUsage>
                <language ident="la"/>
            </langUsage>
            <textClass>
                <keywords>
                    <term>brev</term>
                </keywords>
            </textClass>
            <abstract>
                <ab>nil</ab>
            </abstract>
        </profileDesc>
        <revisionDesc>
            <change when="2019-03-20" who="#pz">Filen etableret</change>
        </revisionDesc>
    </teiHeader>
    <text>
        <front/>
        <body>
            <div>
                <pb ed="TBOO" n="VII.57"/>
                <pb ed="A" n="71v"/>
                <p><persName ref="Wolf, Hieronymus">HIERONYMUS WOLFIUS</persName> AD TYCHONEM
                    BRAHE.</p>
                <p>DUO Dani studiosi hâc transeuntes, qui se tua familiaritate aliquando usuros
                    sperant, petierunt a me, ut sibi literulas ad Excellentiam tuam darem, quo se
                    mecum fuisse probare possent. Etsi autem nuper nescio quid scripseram, neque
                    nunc quicquam scriptione magnopere dignum habebam, tamen quia, mi nobilissime et
                    doctissime D. TYCHO, libenter etiam absens tecum colloquor, morem illis gessi.
                    In observatione proximæ eclipseos nostrates Astrologi omnes, alij plus, alij
                    minus, a vero initio aberrarunt. Exquisitiora abs te expectamus. <pb ed="TBOO"
                        n="58"/>Nova quæ passim feruntur, e popularibus tuis cognosces. Augustana
                    plæraque antiquum obtinent. Consul <persName ref="Hainzel, Paul">HAINZELIUS</persName> tibi familiarissimus superiori
                    anno elocavit filiam, eius frater duobus filijs locupletes puellas uxores dedit.
                    Nos Scholastici etsi rerum nostrarum satagentes, asininam fortunam æqui bonique
                    facimus; tuæque Excellentiæ cœleste illud et beatum insulæ Uraniæ, vel potius
                    fortunatæ, otium gratulamur. Vale. Augustæ Vind. pridie Idus Martias Anno
                    1580.</p>
                <p>T. Excellentiæ studiosiss.<lb/>Hieron. Wolfius.</p>
            </div>
        </body>
    </text>
</TEI>
