<?xml version="1.0" encoding="UTF-8"?>

<TEI xmlns="http://www.tei-c.org/ns/1.0">
    <teiHeader>
        <fileDesc>
            <titleStmt>
                <title>nil</title>
                <author>Tycho Brahe</author>
                <editor>
                    <name xml:id="pz">
                        <persName>
                            <forename type="first">Peter</forename>
                            <surname>Zeeberg</surname>
                        </persName>
                    </name>
                </editor>
                <funder>Carlsbergfondet</funder>
            </titleStmt>
            <editionStmt>
                <edition/>
            </editionStmt>
            <publicationStmt>
                <publisher>
                    <ref target="https://dsl.dk">Det Danske Sprog- og Litteraturselskab</ref>
                </publisher>
                <pubPlace>København</pubPlace>
                <date>2019</date>
                <idno>nil</idno>
                <idno type="isbn">nil</idno>
                <availability status="restricted">
                    <ab>Copyright © 2019, Danske Sprog- og Litteraturselskab</ab>
                </availability>
            </publicationStmt>
            <sourceDesc>
                <listWit>
                    <witness xml:id="A">
                        <msDesc>
                            <msIdentifier>
                                <settlement>Wien</settlement>
                                <repository>Österreichische Staatsbibliothek</repository>
                                <collection>empty</collection>
                                <idno>cod. Vindob. lat. 10686.66</idno>
                                <msName>empty</msName>
                            </msIdentifier>
                        </msDesc></witness>
                    <witness xml:id="TBOO">
                        <bibl><title>Tychonis Brahe Dani Opera Omnia</title>, ed. I.L.E. Dreyer,
                            Tom. VII, Hauniæ 1924, p. 72-75</bibl>
                    </witness>
                </listWit>
                <listBibl>
                    <bibl>empty</bibl>
                </listBibl>
            </sourceDesc>
        </fileDesc>
        <profileDesc>
            <correspDesc>
                <correspAction type="sent">
                    <persName>Tycho Brahe</persName>
                    <placeName>Uraniborg</placeName>
                    <date when="1582-09-23"/>
                </correspAction>
                <correspAction type="received">
                    <persName>Thaddaeus Hagecius</persName>
                    <placeName>empty</placeName>
                </correspAction>
            </correspDesc>
            <creation><date>1582-09-23</date></creation>
            <langUsage>
                <language ident="la"/>
            </langUsage>
            <textClass>
                <keywords>
                    <term>brev</term>
                </keywords>
            </textClass>
            <abstract>
                <ab>nil</ab>
            </abstract>
        </profileDesc>
        <revisionDesc>
            <change when="2019-03-21" who="#pz">Filen etableret</change>
            <change when="2019-05-27" who="#pz">Tekstkritik indlagt</change>
        </revisionDesc>
    </teiHeader>
    <text>
        <front/>
        <body>
            <div>
                <pb ed="TBOO" n="VII.72"/>
                <pb ed="A" n="19r"/>
                <opener>TYCHO BRAHE <persName ref="Hagecius, Thaddaeus">THADDÆO AB HAYCK</persName> S. </opener>
                <p>REDDIDIT mihi ante aliquot septimanas <placeName ref="Görlitz"
                    >Gœrlicius</placeName> quidam Mercator literas tuas, <app><lem wit="Friis">clarissime</lem><rdg wit="#A"><q>charissime</q></rdg></app> Domine
                    D. <persName ref="Hagecius, Thaddaeus">THADDÆE</persName>, amice carissime, ex quibus præter singularem tuam et constantem
                    erga nos benevolentiam intellexi etiam <pb ed="A" n="19v"/>priores meas ad tuas
                    manus secus ac suspicabar pervenisse. Unde <persName ref="Wittich, Paul"
                        >WITTICHIUM</persName> satis ea in re nunc excusatum habeo. Saltem id
                    admiror, quod nihil literarum a discessu suo elapso tempore ad me dederit. Sed
                    habet is forte sua impedimenta, neque occasio facile in promptu est. Quare et
                    hac in parte nihil ipsi imputo. Cum vero is qui tuas mihi attulerat, nunc ad me
                    reversus sit, ut responsum, prout ipsi etiam iniunxeram, tibi reportaret, <pb
                        ed="TBOO" n="73"/>ego quamvis eo tempore id evenerit, quo maxime ad
                    scribendum ob negociorum multitudinem impeditus sim, et a Serenissimo <persName
                        ref="Frederik 2.">Rege</persName> nostro insuper avocer, non potui tamen
                    intermittere, quin aliquid literarum tibi perferendum ipsi traderem, ne tui
                    oblitus tibique rescribere data opera neglexisse apud te excusari possem. Quæ
                    itaque tuis literis pro hac brevi occasione temporis respondenda habui, sic
                    brevibus accipe.</p>
                <p rend="indent">Quod adventum tuum ad nos prolixe excusas, tibi ea in re non plurimum contrarior,
                    neque ego aliam ob causam nomine Regis te huc invitavi, quam quod a <persName ref="Wittich, Paul"
                        >WITTICHIO</persName>
                    intelligerem officio in Aula Imperatoris destitutum cogitare de alia eligendæ
                    vitæ et sustinendæ familiæ ineunda ratione, adeo ut iam quoque a Rege <placeName ref="Sweden">Sueciæ</placeName> te
                    vocatum esse dixerit. Cum vero ex proprijs tuis literis intelligam, res tuas non
                    esse eo loco, ut patriam mutare alienoque Domino servire velis, nihilque tibi ad
                    commodam vivendi rationem deesse in patria, tibi plurimum congratulor, et meam
                    voluntatem, quod tibi, si opus fuisset, non deesse voluerim, ut boni consulas
                    oro.</p>
                <p rend="indent">Quod de Apogeo &#x2609; scribis restitutionem nostram accedere propius Alphonsinorum
                    rationibus, quam <persName ref="Copernicus">COPERNICI</persName>, ego
                    sane ea in parte nullum habui respectum neque <persName ref="Alfonso 10."
                        >ALPHONSI</persName> neque <persName ref="Copernicus">COPERNICI</persName>; <pb ed="A" n="20r"/>sed ex plurimis
                    exquisitis observationibus Geometrice ad invicem collatis iuxta quartam partem &#x264b;
                    hærere Apogeum (quam interdum una parte minus, interdum una plus) reperi, ut
                    quamvis ex minimis hîc inquirantur maxima. Eccentricitatem vero multoties in
                    eodem, quo assignavi, scrupulo reperi, novem minutis Coperniana maiorem. Et
                    licet eccentricitas maxima ex parte prosthaphæreses variet, præsertim iuxta
                    medias elongationes, tamen circa Apogeum et Perigeum intolerabilis est duarum
                    vel trium partium loci, sub quo hæret Apogeum, error.</p>
                <p rend="indent">Quod lapsum in Cometa anni
                    77 et quosdam alios in Dialexi emendaveris, libenter audio. Id vero quod de
                    culminatione Cometæ cum Aquila in excusationem adducis, mihi non satis facit.
                    Impossibilia enim non erant ad probandum <app><lem resp="#TBOO">tentanda</lem><rdg wit="#A"><q>tentenda</q></rdg></app> neque excusationem ullam
                    merentur; sed emendanda potius et revocanda, partim propter imperitos, partim
                    propter invidos et malevolos. Scribis te editurum copiosius scriptum de Nova
                    Stella et Cometis præteritis, ubi intelligo, te etiam mea quædam velle
                    adiungere, a quo tamen, si impressum non est, quantum ad mea attinet, ut
                    supersedeas, te rogatum velim. Ipse enim decrevi, quam primum licuerit, quædam
                    enucleatius et de Nova Stella (ubi pleraque festinanter scripta restitui, multa
                    copiosius in demonstrationum certitudinem adduxi) et de subsequentibus præcipuis
                    duobus Cometis, tum etiam de tertio illo non adeo illustri, qui hoc anno mense
                    Maio in Septentrione sub Heniochi sidere per IO dies nobis apparuit, in lucem
                    emittere observationefque certas in medium adducere et in<pb ed="TBOO" n="74"
                    />fallibilibus demonstrationibus rem omnem tum in motu et situ eorum, tum in
                    parallaxibus comprobare. <pb ed="A" n="20v"/>Nam quod quasdam observationes
                    hîc habitas in Cometa anni 80 a <persName ref="Wittich, Paul"
                        >WITTICHIO</persName> acceperis, et inde parallaxes indagare
                    conatus fueris, oleum et operam perdidisti. Tempora enim ex diversis horologijs
                    et ijsdem nondum satis correctis annotata erant, nec illam discretionem
                    adhibueras, quænam certiora alijs essent, et quæ sibi invicem in quolibet
                    horologio corresponderent, multo minus ut per transitus stellarum sive per
                    Meridianum sive per certum Azimuth, prout necessarium erat, et a nobis postea
                    factitatum est, ea corrigeres, adeo ut ob id pluribus minutis ubique fere
                    aberratum sit, ut mirum esse non debeat, quod tantam in parallaxibus
                    constituendis inconvenientiam, ob temporum incertitudinem inveneris. Ego vero
                    etsi tempora omnia aliter correcta habeam, quam prima fronte præbebant ipsa
                    horologia, tamen in parallaxibus indagandis longe certiori nitor ratione, quam
                    ubi temporis opus sit intervallo. Ibi enim ex minimo peneque insensibili errore
                    maximus et intolerabilis augmentatur. Ideoque alijs quibusdam rationibus, ubi
                    exquisita temporis cognitio non requiritur, inquisivi, tam hunc quam
                    antecedentem Cometam (in tertio enim nondum feci periculum, nec adeo facile erit
                    possibile) pene insensibilem habuisse parallaxin, quemadmodum hæc et alia quædam
                    sufficienter ex certis observationibus demonstrari intelliges, ubi libellus
                    noster de tota hac materia in lucem prodierit, quem spero me per hybernum
                    otium, Deo conatus nostros adiuvante, absoluturum. Velim itaque nihil mearum
                    observationum in publicum edas, priusquam hinc certior factus fueris, quænam sit
                    mea de his sententia, a qua te plurimum abesse et temporibus incertis minimeque
                    correctis inniti video, et mirari satis non possum <persName ref="Wittich, Paul"
                        >WITTICHIUM</persName> tibi tempora
                    observationum transposita et per transitus stellarum <pb ed="A" n="21r"/>minime
                    verificata obtulisse, cum tamen ipsimet præsenti dixerim horologijs non esse
                    fidendum, sed longe accuratiore emendatione opus esse. Quantum ad distantias
                    fixarum indagandas attinet, ego non amplius fidem adhibeo Radio multas ob
                    causas, quas longa foret mora hîc recensere. Sed post discessum <persName ref="Wittich, Paul"
                        >WITTICHIJ</persName> duo
                    exquisita instrumenta in hunc usum adinveni, quæ semper eandem distantiam in
                    scrupulo præbent, adeo ut nec in defectu nec excessu aberrare possint. Oportet
                    autem in utroque instrumento duos esse, qui observent. Et quamvis utrumque
                    instrumentum ipsa fabricatione longe differat, tamen in quolibet eadem et sibi
                    correspondens exquisite fit observatio. Sic nos per hæc invenimus distantiam
                    polaris ab undecima Cassiopeæ p. 26 m. 25 exquisite (nisi quod aliquando dimidio
                    scrupulo minor apparuit), quam tu 9 minutis maiorem collocas. Sic etiam in alijs
                    discrimen inveni, de quo alio tempore tecum latius conferam. In declinatione
                    Spicæ nullam differentiam inter tuas et meas <pb ed="TBOO" n="75"/>
                    observationes reperio. Nam et ego multoties hîc eius altitudinem maximam p. 25 m. 10¼ præcise observavi, ubi Æquator attollitur p. 34 m. 7, adeoque declinatio p.
                    8 m. 57 plane ut tua, quod errorem quartæ partis in æquinoctij præcessione
                    Copernico hucusque irrepsisse convincit, posita eadem cum ipso latitudine, quam
                    etiam exquisite duarum esse partium per alia instrumenta deprehendi, ut alibi
                    hæc et plæraque alia copiose demonstrabo. Sed interim dum scribo, tempus me alio
                    vocat, prohibetque, quantum velim, tecum colloqui. Dabo tamen operam, ut alia
                    occasione oblata, copiosius de his atque alijs tecum agam. Vale, et mihi, cum
                    licuerit, rescribere non intermitte. Verumtamen addam hoc unum, quod pæne
                    neglexeram. Hisce diebus <persName ref="lord Willoughby of Eresby">Comes quidam Anglus</persName> primarius <persName ref="Elizabeth 1. of England">Reginæ</persName> ad Regem nostrum
                    Legatus, ut ipsum in ordinem Equitum <pb ed="A" n="21v"/>Divi GEORGIJ honorifice
                    consuetis ceremonijs reciperet, cum perfunctus esset sua apud Regiam Maiestatem
                    legatione, me hic invisit, unâque inter cæteros Comites Medicum Doctorem
                        <persName ref="Moffet">THOMAM MUFETUM</persName> secum habuit. Is
                    cum tui inter nos honorifica incidisset mentio, petijt ut tibi per occasionem
                    datam suo nomine plurimam salutem dicerem tuumque filium, qui in Anglia est,
                    recte habere indicarem. Iterum feliciter vale. Datæ <placeName ref="Uraniborg"
                        >Uranienburgi</placeName> in Insula <placeName ref="Hven">Huæna</placeName>
                    23. Septemb. 1582.</p>
            </div>
        </body>
    </text>
</TEI>
