<?xml version="1.0" encoding="UTF-8"?>

<TEI xmlns="http://www.tei-c.org/ns/1.0">
    <teiHeader>
        <fileDesc>
            <titleStmt>
                <title>nil</title>
                <author>Heinrich Brucaeus</author>
                <editor>
                    <name xml:id="pz">
                        <persName>
                            <forename type="first">Peter</forename>
                            <surname>Zeeberg</surname>
                        </persName>
                    </name>
                </editor>
                <funder>Carlsbergfondet</funder>
            </titleStmt>
            <editionStmt>
                <edition/>
            </editionStmt>
            <publicationStmt>
                <publisher>
                    <ref target="https://dsl.dk">Det Danske Sprog- og Litteraturselskab</ref>
                </publisher>
                <pubPlace>København</pubPlace>
                <date>2019</date>
                <idno>nil</idno>
                <idno type="isbn">nil</idno>
                <availability status="restricted">
                    <ab>Copyright © 2019, Danske Sprog- og Litteraturselskab</ab>
                </availability>
            </publicationStmt>
            <sourceDesc>
                <listWit>
                    <witness xml:id="A">
                        <msDesc>
                            <msIdentifier>
                                <settlement>Wien</settlement>
                                <repository>Österreichische Staatsbibliothek</repository>
                                <collection>empty</collection>
                                <idno>cod. Vindob. lat. 10686.66</idno>
                                <msName>empty</msName>
                            </msIdentifier>
                        </msDesc></witness>
                    <witness xml:id="TBOO">
                        <bibl><title>Tychonis Brahe Dani Opera Omnia</title>, ed. I.L.E. Dreyer,
                            Tom. VII, Hauniæ 1924, p. 85-86</bibl>
                    </witness>
                </listWit>
                <listBibl>
                    <bibl>empty</bibl>
                </listBibl>
            </sourceDesc>
        </fileDesc>
        <profileDesc>
            <correspDesc>
                <correspAction type="sent">
                    <persName>Heinrich Brucaeus</persName>
                    <placeName>Rostock</placeName>
                    <date when="1584-06-12"/>
                </correspAction>
                <correspAction type="received">
                    <persName>Tycho Brahe</persName>
                    <placeName>empty</placeName>
                </correspAction>
            </correspDesc>
            <creation><date>1584-06-12</date></creation>
            <langUsage>
                <language ident="la"/>
            </langUsage>
            <textClass>
                <keywords>
                    <term>brev</term>
                </keywords>
            </textClass>
            <abstract>
                <ab>nil</ab>
            </abstract>
        </profileDesc>
        <revisionDesc>
            <change when="2019-03-25" who="#pz">Filen etableret</change>
        </revisionDesc>
    </teiHeader>
    <text>
        <front/>
        <body>
            <div>
                <pb ed="TBOO" n="VII.85"/>
                <pb ed="A" n="85r"/>
                <opener><persName ref="Brucaeus, Heinrich">HENRICUS BRUCÆUS</persName> AD TYCHONEM BRAHE.</opener>
                <p>CUM tuus <persName ref="Joachim">Typographus</persName>, Nobilissime Charissimeque TYCHO, Rostochium venit, abfui,
                    domum vero rediens, literis tuis lectis pecuniam in scapula obsignatam aurigæ
                    Witebergensi triduo post tradidi, nolui enim resignare. Nihil itaque pecuniæ
                    reservatum, qua auriga satisfieret, aut libri aliqui emerentur. De motuum Solis
                    et Lunæ reliquorumque Planetarum emendatione, quæ præ manibus habes, expecto ut
                    in lucem prodeant. Ego certe in omnibus Eclipsibus crassis nostris
                    observationibus videor animadvertisse, calculum <persName
                        ref="Peurbach, Georg von">PURBACHIJ</persName> propius accessisse ad tempus
                    apparens, quam <persName ref="Copernicus">COPERNICI</persName>. Ad
                    singula autem momenta motus Solis respondere ex tuis observationibus deductos,
                    gaudeo. Idem si in ceteris præstiteris, bene de omnibus mereberis, et æternam
                    laudem apud posteros consequeris. Et ego ita sentio, tam multa, quæ de anni
                    inæqualitate referuntur, ex imperfectis vel falsis observationibus nata esse;
                    motum enim illum cœlestem ijsdem perpetuo metis includi, et tam operosis
                    hypothesibus COPERNICI in motu Terræ astruendo non fuisse opus, quas falsas esse
                    dubium non est, et forte non satisfaciunt etiam apparentijs evidentibus. Ob id
                    desiderabam organum, quod mihi ob oculos obiceret totam illam COPERNICI
                    imaginationem, quam ego, ut verum fatear, ex simplici illa delineatione nunquam
                    plene assequi potui. Et quamvis tecum sentiam, non tam in ijs organis
                    laborandum, quæ alterius phantasias oculis obijciant, quam quæ motus cœlestes
                    nobis aperiant: est tamen hominis eruditi, quique aliorum inventa velit
                    explicare, hæc intelligere, et quantum fieri potest, oculis obicere. Imo
                    optandum esset, posse sine ullis hypothesibus motus cœlestes tradi. Quod ut
                    forte fieri queat, apparentijs tamen satisfieri nunquam poterit. Hypotyposes
                        <persName ref="Proclos">PROCLI</persName> ob nostri Typographi negligentiam
                    non excuduntur. Extant autem, <pb ed="A" n="85v"/> magnæ constructioni <persName
                        ref="Ptolemaios">CL. PTOLEMÆI</persName> adiunctæ, verum ita corrupte editæ,
                    ut autorem suum non agnoscant. Editæ sunt alibi opera <persName ref="Valla"
                        >GEORGII VALLÆ</persName> Placentini, ijs credo ab eodem autore tralatas
                    Hypotyposes esse adiectas. Quod si hoc opus VALLÆ habeas, velim ad me mitti, <pb
                        ed="TBOO" n="86"/>quo tantum percurram hanc Hypotyposium translationem,
                    remissurus quam primum. Mitto <persName ref="Scaliger, Joseph Justus">IOSEPHUM
                        SCALIGERUM</persName> de emendatione temporum et <persName
                        ref="Mästlin, Georg">MÆSTLINI</persName> de emendatione Calendarij.
                        <persName ref="Maurolycus">MAUROLYCUM</persName> hoc tempore, ut neque
                        <persName ref="Bressius, Mauritius">Gratiopolitanum</persName> consequi
                    potui. Si quid in posterum nanciscar, ad te mittam. Quod si velis prius tibi
                    precia perscribi, id quoque facturus sum. Hic tuus servus dum aliquot diebus hîc
                    navem, quæ solvat in <placeName ref="Denmark">Daniam</placeName>, expectat, consumsit solidos 32. Et typos nescio
                    quos maioris notæ emit, de quibus mecum actum ut precium penderem. Verum cum
                    huius rei nulla in tuis literis facta sit mentio, et ignorem, utrum hoc tuo
                    iussu factum sit, nihil a me persolutum. Ex ipso plene omnia de typis
                    intelliges. Bene vale. <placeName ref="Rostock">Rostochij</placeName> 12. Iunij Anno Domini 1584. </p>
                <p>HENRICUS BRUCÆUS.</p>
            </div>
        </body>
    </text>
</TEI>
