<?xml version="1.0" encoding="UTF-8"?>

<TEI xmlns="http://www.tei-c.org/ns/1.0">
    <teiHeader>
        <fileDesc>
            <titleStmt>
                <title>nil</title>
                <author>Tycho Brahe</author>
                <editor>
                    <name xml:id="pz">
                        <persName>
                            <forename type="first">Peter</forename>
                            <surname>Zeeberg</surname>
                        </persName>
                    </name>
                </editor>
                <funder>Carlsbergfondet</funder>
            </titleStmt>
            <editionStmt>
                <edition/>
            </editionStmt>
            <publicationStmt>
                <publisher>
                    <ref target="https://dsl.dk">Det Danske Sprog- og Litteraturselskab</ref>
                </publisher>
                <pubPlace>København</pubPlace>
                <date>2019</date>
                <idno>nil</idno>
                <idno type="isbn">nil</idno>
                <availability status="restricted">
                    <ab>Copyright © 2019, Danske Sprog- og Litteraturselskab</ab>
                </availability>
            </publicationStmt>
            <sourceDesc>
                <listWit>
                    <witness xml:id="A">
                        <msDesc>
                            <msIdentifier>
                                <settlement>København</settlement>
                                <repository>Rigsarkivet</repository>
                                <collection>Tycho Brahes privatarkiv</collection>
                                <idno>empty</idno>
                                <msName>empty</msName>
                            </msIdentifier>
                        </msDesc></witness>
                    <witness xml:id="TBOO">
                        <bibl><title>Tychonis Brahe Dani Opera Omnia</title>, ed. I.L.E. Dreyer,
                            Tom. VII, Hauniæ 1924, p. 77</bibl>
                    </witness>
                </listWit>
                <listBibl>
                    <bibl>empty</bibl>
                </listBibl>
            </sourceDesc>
        </fileDesc>
        <profileDesc>
            <correspDesc>
                <correspAction type="sent">
                    <persName>Tycho Brahe</persName>
                    <placeName>Uraniborg</placeName>
                    <date when="1584-02-16"/>
                </correspAction>
                <correspAction type="received">
                    <persName>Anders Sørensen Vedel</persName>
                    <placeName>empty</placeName>
                </correspAction>
            </correspDesc>
            <creation><date>1584-02-16</date></creation>
            <langUsage>
                <language ident="la"/>
            </langUsage>
            <textClass>
                <keywords>
                    <term>brev</term>
                </keywords>
            </textClass>
            <abstract>
                <ab>nil</ab>
            </abstract>
        </profileDesc>
        <revisionDesc>
            <change when="2019-03-21" who="#pz">Filen etableret</change>
        </revisionDesc>
    </teiHeader>
    <text>
        <front/>
        <body>
            <div>
                <pb ed="TBOO" n="VII.77"/>
                <pb ed="A" n="2r"/>
                <p>CLARISSIMO DOCTISSIMOQUE VIRO MAGISTRO <persName ref="Vedel"
                        >ANDREÆ SEVERINI VELLEIO</persName> AMICO SUO PLURIMUM DILECTO.
                    <lb/>SALUTEM.</p>
                <p>BINAS a te Clarissime M. ANDREA, ex quo e <placeName ref="Jylland"
                        >Cymbria</placeName> vestra domum reversus sum, accepi literas, utrisque
                    negotium Typographi illius tractas; respondissem dudum tuæ petitioni, si hyemis
                    importunitas non obstitisset, literasque ad te transmittendi prius fuisset
                    oblata occasio. Scias itaque me illum Holsaticum Typographum, de quo scribis,
                    non multopere expetere. Quod si sponte huc transmigrare velit, eius conatus,
                    quantum in me est, promovebo. Conduxi autem alium iuvenem non uxoratum, qui mihi
                    in impressoria arte exsequenda inserviet, et <placeName ref="Frankfurt am Main"
                        >Francofurtum</placeName> ad Nundinas pecuniam pro stylo impressorio diversi
                    generis mihi coëmendo nunc transmitto; propriamque officinulam hîc instruere
                    conabor, quæ quotannis mihi usui emolumentoque erit. Si quid tu postmodo prelo
                    destinatum absolveris hucque transmiseris, meis impensis excudetur, si tibi ita
                    visum fuerit. Est autem Typographicus servus, quem conduxi, admodum bene in arte
                    peritus et laborator diligens. Nec ex re mea fuit uxoratum illum cum tota sua
                    familia maiore dispendio quam compendio sustentare. Si post festum Paschatis nos
                    denuo hîc inviseris, veluti discedens ultimo te singulis annis facturum
                    promisisti (testante idipsum graphica tua parietis nostræ inscriptione REVORTAR
                    83/84/85 oculis nostris quotidie obvia) rem feceris mihi longe gratissimam,
                    habeo enim quædam, de quibus tecum coram agere plurimum exoptarem. Ego enim vix
                    ob negotiorum impendentium <pb ed="A" n="2v"/>multitudinem Cymbriam hac instante
                    æstate revisere potuero. Tu itaque, si cum coniuge itineris socia (modo id
                    possibile erit) mihi adfueris, hospes advenies exoptatissimus. Tuaque causa
                    illud quicquid est itineris viceversa suscipiam, si quando opus fuerit. Vale et
                    saluta <persName ref="Mette Hansdatter">METTAM</persName> tuam eiusque <persName
                        ref="Laugesen, Hans">Patrem</persName> et <persName
                        ref="Dorothea Hansdatter">Matrem</persName>, Magistrum <!-- hvem? person i Ribe --><persName ref="Jakob">IACOBUM</persName> et amicos
                    omnes ceteros. Iterum feliciter vale. Datæ <placeName ref="Uraniborg"
                        >Uraniburgi</placeName> die 16. Februarij Anno 1584.</p>
                <p>T.<lb/>TYCHO BRAHE manu propria.</p>
                <p>Negotium illud de historia <persName ref="Christian 3.">CHRISTIANI
                    III</persName>, cum ad <persName ref="Gyldenstierne, Axel">ABSALONEM
                        GYLDENSTIERN</persName> venero, facile, quasi nobis id minime factitantibus,
                    expediam, tibique postmodo librum vel eius copiam transmittam. Literas et
                    pixidem <persName ref="Friis, Albert">ALBERTO FRISIO</persName> destinatam tradi
                    procura. </p>
            </div>
        </body>
    </text>
</TEI>
