<?xml version="1.0" encoding="UTF-8"?>

<TEI xmlns="http://www.tei-c.org/ns/1.0">
    <teiHeader>
        <fileDesc>
            <titleStmt>
                <title>nil</title>
                <author>Heinrich Brucaeus</author>
                <editor>
                    <name xml:id="pz">
                        <persName>
                            <forename type="first">Peter</forename>
                            <surname>Zeeberg</surname>
                        </persName>
                    </name>
                </editor>
                <funder>Carlsbergfondet</funder>
            </titleStmt>
            <editionStmt>
                <edition/>
            </editionStmt>
            <publicationStmt>
                <publisher>
                    <ref target="https://dsl.dk">Det Danske Sprog- og Litteraturselskab</ref>
                </publisher>
                <pubPlace>København</pubPlace>
                <date>2019</date>
                <idno>nil</idno>
                <idno type="isbn">nil</idno>
                <availability status="restricted">
                    <ab>Copyright © 2019, Danske Sprog- og Litteraturselskab</ab>
                </availability>
            </publicationStmt>
            <sourceDesc>
                <listWit>
                    <witness xml:id="A">
                        <msDesc>
                            <msIdentifier>
                                <settlement>Wien</settlement>
                                <repository>Österreichische Staatsbibliothek</repository>
                                <collection>empty</collection>
                                <idno>cod. Vindob. lat. 10686.66</idno>
                                <msName>empty</msName>
                            </msIdentifier>
                        </msDesc></witness>
                    <witness xml:id="TBOO">
                        <bibl><title>Tychonis Brahe Dani Opera Omnia</title>, ed. I.L.E. Dreyer,
                            Tom. VII, Hauniæ 1924, p. 91-92</bibl>
                    </witness>
                </listWit>
                <listBibl>
                    <bibl>empty</bibl>
                </listBibl>
            </sourceDesc>
        </fileDesc>
        <profileDesc>
            <correspDesc>
                <correspAction type="sent">
                    <persName>Heinrich Brucaeus</persName>
                    <placeName>Holstein</placeName>
                    <date when="1585-04-04"/>
                </correspAction>
                <correspAction type="received">
                    <persName>Tycho Brahe</persName>
                    <placeName>empty</placeName>
                </correspAction>
            </correspDesc>
            <creation><date>1585-04-04</date></creation>
            <langUsage>
                <language ident="la"/>
            </langUsage>
            <textClass>
                <keywords>
                    <term>brev</term>
                </keywords>
            </textClass>
            <abstract>
                <ab>nil</ab>
            </abstract>
        </profileDesc>
        <revisionDesc>
            <change when="2019-03-25" who="#pz">Filen etableret</change>
        </revisionDesc>
    </teiHeader>
    <text>
        <front/>
        <body>
            <div>
                <pb ed="TBOO" n="VII.91"/>
                <pb ed="A" n="86v"/>
                <opener><persName ref="Brucaeus, Heinrich">HENRICUS BRUCÆUS</persName> AD TYCHONEM BRAHE.</opener>
                <p>LITERAS tuas, amantissime TYCHO, quibus Calendarij a <persName ref="Morsing">tuo domestico Studioso</persName>
                    edendi mentionem fecisti, accepi et iam Typos fusos a <persName ref="Vitus">VITO</persName> miseram unâ cum
                    libris illius Florentini, adiectis schedulis duabus, una VITI, altera aurigæ
                    <placeName ref="Wittenberg">Witebergensis</placeName>, quibus de precio tibi constabit. Miratus autem sum, te potioribus
                    intentum permittere, ut talia in tua Typographia edantur, quæ trita sunt et
                    vulgaria, in quibus si quis aëris mutationes prædicendas suscipiat, pæne
                    ridiculum sese toti mundo exponit. Et tot a vero aberrantes prædictiones
                    effecerunt, ut nugarum mendaciorumque eiuscemodi libri habeantur. Nec credo
                    fuisse quemquam, qui huius hyemis levitatem et siccitatem prædixerit, cuius
                    constitutio prope verna habenda est, si frigoris imbecillitatem spectes. Et quam
                    ridiculum sese præbuit quidam Astrologaster, qui in suo Calendario Martio magna
                    frigora et nives minatur, adeo fisus suis prædictionibus, ut si eventus
                    falleret, iam artem nullam crederet. Et ego arbitror, veris et irrefutabilibus
                    rationibus posse demonstrari, incertam plane esse hanc de aëris mutationibus
                    prædictionem, præter anni tempora, quæ ut plurimum suas constitutiones servant.
                    Sed tu forte, mi TYCHO, alias rationes habes, cur hæc a tuis Discipulis fieri
                    permittas, etiamsi tu ipse non multum tribuas eiuscemodi prædictionibus, quarum
                    difficultatem, immo pæne impossibili<pb ed="TBOO" n="92"/>tatem ipsemet satis nosti, quod
                    et in familiari nostro colloquio a te audivisse recordor, cum alias etiam 
                    Astrologica vaticinia, uti multi alias solent, non pluris facias, quam par est.
                    Credo itaque, te sic indulgere tuis <pb ed="A" n="87r"/> Discipulis, qui prognosticis
                    annuis, more recepto, conficiendis delectantur, ut
                    habeant, quo graviora studia leniant, fortassis etiam aliquid præter communem
                    formam a te hauserunt. Si sic est, prodeat Calcearium illud in publicum, et
                    discamus inde experiamurque, quæ prius nos latuerunt. Scio enim te nil vulgare
                    et tritum moliri, neque levia tuis concedere. Plura non possum, urgente nuntio.
                    Bene vale, et ut hoc in genere nobis sis Apollo, opto. Datæ in <placeName ref="Holstein">Holsatia</placeName> ipso
                    die Palmarum 1585.</p>
            </div>
        </body>
    </text>
</TEI>
