<?xml version="1.0" encoding="UTF-8"?>

<TEI xmlns="http://www.tei-c.org/ns/1.0">
    <teiHeader>
        <fileDesc>
            <titleStmt>
                <title>nil</title>
                <author>John Craig</author>
                <editor>
                    <name xml:id="pz">
                        <persName>
                            <forename type="first">Peter</forename>
                            <surname>Zeeberg</surname>
                        </persName>
                    </name>
                </editor>
                <funder>Carlsbergfondet</funder>
            </titleStmt>
            <editionStmt>
                <edition/>
            </editionStmt>
            <publicationStmt>
                <publisher>
                    <ref target="https://dsl.dk">Det Danske Sprog- og Litteraturselskab</ref>
                </publisher>
                <pubPlace>København</pubPlace>
                <date>2019</date>
                <idno>nil</idno>
                <idno type="isbn">nil</idno>
                <availability status="restricted">
                    <ab>Copyright © 2019, Danske Sprog- og Litteraturselskab</ab>
                </availability>
            </publicationStmt>
            <sourceDesc>
                <listWit>
                    <witness xml:id="A">
                        <msDesc>
                            <msIdentifier>
                                <settlement>Berlin</settlement>
                                <repository>empty</repository>
                                <collection>empty</collection>
                                <idno>Ex apographo manu scripto im exemplo Berolinensis operum
                                    atronomicorum Tychonis</idno>
                                <msName>empty</msName>
                            </msIdentifier>
                        </msDesc></witness>
                    <witness xml:id="TBOO">
                        <bibl><title>Tychonis Brahe Dani Opera Omnia</title>, ed. I.L.E. Dreyer,
                            Tom. VII, Hauniæ 1924, p. 193</bibl>
                    </witness>
                </listWit>
                <listBibl>
                    <bibl>empty</bibl>
                </listBibl>
            </sourceDesc>
        </fileDesc>
        <profileDesc>
            <correspDesc>
                <correspAction type="sent">
                    <persName>John Craig</persName>
                    <placeName>Edinburgh</placeName>
                    <date when="1589-07-09"/>
                </correspAction>
                <correspAction type="received">
                    <persName>Tycho Brahe</persName>
                    <placeName>empty</placeName>
                </correspAction>
            </correspDesc>
            <creation><date>1589-07-09</date></creation>
            <langUsage>
                <language ident="la"/>
            </langUsage>
            <textClass>
                <keywords>
                    <term>brev</term>
                </keywords>
            </textClass>
            <abstract>
                <ab>nil</ab>
            </abstract>
        </profileDesc>
        <revisionDesc>
            <change when="2019-04-24" who="#pz">Filen etableret</change>
        </revisionDesc>
    </teiHeader>
    <text>
        <front/>
        <body>
            <div>
                <pb ed="TBOO" n="VII.193"/>
                <opener>IOANNES <persName ref="Craig">CRAIGUS</persName> AD TYCHONEM BRAHE.</opener>
                <pb ed="A" n="7v"/>
                <p>NOBILISSIME et clarissime vir, amice colende. Non occurrit hoc tempore, quod
                    scriptione dignum videatur, sed cum detur occasio, non prætermittendam puto. Et
                    ne meræ omnino sint literæ, quamvis hoc fere nihili sit instar, quod prioribus
                    cœperam de cœlestium Hypothesi ad te scribere, paucis repetam. In tua Hypothesi
                    non alienum videtur, quod Terra luminarium et Sol cæterorum Planetarum sit
                    centrum, sed tamen absurdum implicat, quod Mars acronychus terris propior fiat
                    Sole; concinnior fortasse erit, si punctum Terræ vicinius quam Sol statuatur
                    centrum, aut si id nolis, ut duplici epicyclo augeatur orbis Planetæ superioris,
                    quemadmodum ad me suam ea de re cantationem scripsit M. <persName ref="Liddel">DUNCANUS LIDDELIUS</persName>; quæ
                    quidem Hypothesis nihil absurdi habebit; nam non solum hoc tuum vitabitur, sed
                    etiam orbes Planetis asscribi poterunt. Sunt et plures modi, quibus ista supponi
                    possunt, et ipse aliquando exponam, quid hac de re sentiam, plenius, omnino enim
                    incumbendum statuo, ut Physicis et Mathematicis pariter satisfiat. Audio,
                    clarissime vir, te in Chymicis præclare versatum esse, rogo te, ut mihi aliqua
                    ex secretioribus et utilioribus communices. Habet <persName ref="Rollandus">ROLLANDUS</persName> in suis Centurijs
                    curarum, ut sic loquar, aliquas mirabiles compositiones, ut aquæ benedictæ,
                    balsami sulphuris, spiritus vitæ, extractæ esulæ, quæ si tibi nota sunt, fac me
                    earum participem. Habeo extractum esulæ communi <pb ed="A" n="8r"/>modo per
                    spiritum vini; sed est alia quædam singularis ratio in istis extractionibus;
                    sic si tibi aliquid constet de distillatis aquis purgantibus, quæ iam apud
                    aliquos in usu sunt. Fuit apud nos hisce diebus <persName ref="Paysen">PETRUS PAYSEN</persName> Danus, vir in
                    linguis egregie versatus, et in pluribus disciplinis bene institutus, et in
                    Mathematicis quoque bene doctus; multas regiones peragravit, et multa vidit, ei
                    trado literas meas, ut ad tuam amicitiam ipsi aditus fiat, qua non dubito quin
                    dignus futurus sit. Bene et feliciter vale. Datæ <placeName ref="Edinburgh">Edenburgi</placeName> 9. Iulij.</p>
                <p rend="indent">Salutem precor nostratibus amicis. </p><lb/>
                <p>Tuus <lb/>IOAN. CRAIGUS, Doctor.</p>


            </div>
        </body>
    </text>
</TEI>
