<?xml version="1.0" encoding="UTF-8"?>

<TEI xmlns="http://www.tei-c.org/ns/1.0">
    <teiHeader>
        <fileDesc>
            <titleStmt>
                <title>nil</title>
                <author>Thaddaeus Hagecius</author>
                <editor>
                    <name xml:id="pz">
                        <persName>
                            <forename type="first">Peter</forename>
                            <surname>Zeeberg</surname>
                        </persName>
                    </name>
                </editor>
                <funder>Carlsbergfondet</funder>
            </titleStmt>
            <editionStmt>
                <edition/>
            </editionStmt>
            <publicationStmt>
                <publisher>
                    <ref target="https://dsl.dk">Det Danske Sprog- og Litteraturselskab</ref>
                </publisher>
                <pubPlace>København</pubPlace>
                <date>2019</date>
                <idno>nil</idno>
                <idno type="isbn">nil</idno>
                <availability status="restricted">
                    <ab>Copyright © 2019, Danske Sprog- og Litteraturselskab</ab>
                </availability>
            </publicationStmt>
            <sourceDesc>
                <listWit>
                    <witness xml:id="A">
                        <msDesc>
                            <msIdentifier>
                                <settlement>Wien</settlement>
                                <repository>Österreichische Staatsbibliothek</repository>
                                <collection>empty</collection>
                                <idno>cod. Vindob. lat. 10686.25</idno>
                                <msName>empty</msName>
                            </msIdentifier>
                        </msDesc></witness>
                    <witness xml:id="TBOO">
                        <bibl><title>Tychonis Brahe Dani Opera Omnia</title>, ed. I.L.E. Dreyer,
                            Tom. VII, Hauniæ 1924, p. 243-244</bibl>
                    </witness>
                </listWit>
                <listBibl>
                    <bibl>empty</bibl>
                </listBibl>
            </sourceDesc>
        </fileDesc>
        <profileDesc>
            <correspDesc>
                <correspAction type="sent">
                    <persName>Thaddaeus Hagecius</persName>
                    <placeName>Prague</placeName>
                    <date when="1590-05-01"/>
                </correspAction>
                <correspAction type="received">
                    <persName>Tycho Brahe</persName>
                    <placeName>empty</placeName>
                </correspAction>
            </correspDesc>
            <creation><date>1590-05-01</date></creation>
            <langUsage>
                <language ident="la"/>
            </langUsage>
            <textClass>
                <keywords>
                    <term>brev</term>
                </keywords>
            </textClass>
            <abstract>
                <ab>nil</ab>
            </abstract>
        </profileDesc>
        <revisionDesc>
            <change when="2019-04-04" who="#pz">Filen etableret og teksten korrigeret.</change>
        </revisionDesc>
    </teiHeader>
    <text>
        <front/>
        <body>
            <div>
                <pb ed="TBOO" n="VII.243"/>
                <pb ed="A" n="1v"/>
                <opener>NOBILISS. ET DOCTISS. D. TYCHONI BRAHE DANO, DOMINO URANIBURGI, DOMINO ET
                    AMICO PLURIMUM OBSERVANDO.</opener>
                <p><pb ed="A" n="1r"/>NOBILISS. Domine TYCHO et amice plurimum observande. Accepi binas abs te literas,
                    eodem tenore verborum, alteris adiuncta Apologia. Deinde die 24. Aprilis novo
                    stylo accepi alias a studioso quodam <placeName ref="Rostock">Rostochiensi</placeName>, scriptas abs te 25. Ianuarij.
                    Ad eas omnes a me et a Domino <persName ref="Curtius, Jacob">CURTIO</persName> propediem accipies responsum plenissime, unâ cum
                    Privilegio luculentiori, quæ omnia noster tabellarius, D. <persName ref="Curtius, Jacob">CURTIUS</persName> ad te
                    ablegabit. Sic enim inter nos iam  <pb ed="TBOO" n="VII.244"/>est constitutum. Hæc brevibus
                    per eundem studiosum, qui <placeName ref="Rostock">Rostochium</placeName> revertitur, tibi significanda esse duxi. B.
                    V. Datæ <placeName ref="RPrague">Pragæ</placeName> die 1. Maij novo stylo Anno 1590.</p>
                <closer>T. studiosiss. <lb/>THAD.</closer>
                <p>Si fieri posset, ut mihi modellam, ut vocant, seu exemplum tuorum instrumentorum
                    observatoriorum (puta Sextantis et Armillarum; in Quadrante enim non erit ulla
                    difficultas) ex charta conglutinata aut asserculis mitteres, ad quorum exemplum
                    similia iustæ magnitudinis mihi construi curarem, faceres mihi rem gratissimam,
                    et posset ea noster tabellarius, qui ad te cum nostris literis veniet, mihi
                    afferre. Non puto enim tibi deesse manuarios artifices, qui modellas illas
                    construere possunt. Indicabis etiam mihi, quantæ magnitudinis a me sint omnia
                    illa construenda.</p>
            </div>
        </body>
    </text>
</TEI>
